Product_SKU,Product_Name,Product_Category,Warehouse_ID,Warehouse_Location,Stock_On_Hand,Reorder_Level,Units_Sold_Last_Month,Gap_Units
SKU2454,Product_SKU2454,Raw Material,WH04,Bangalore,76,1973,2545,1897
SKU3515,Product_SKU3515,Textiles,WH09,Surat,54,1913,6252,1859
SKU4744,Product_SKU4744,Chemicals,WH01,Mumbai,3,1851,2146,1848
SKU4226,Product_SKU4226,Chemicals,WH04,Bangalore,10,1846,1009,1836
SKU2776,Product_SKU2776,Raw Material,WH05,Hyderabad,90,1905,7386,1815
SKU5971,Product_SKU5971,IT Equipment,WH06,Kolkata,169,1965,2225,1796
SKU5394,Product_SKU5394,Machinery,WH10,Jaipur,25,1812,4610,1787
SKU4325,Product_SKU4325,Raw Material,WH10,Jaipur,110,1896,6053,1786
SKU4313,Product_SKU4313,Spare Parts,WH06,Kolkata,230,1982,1728,1752
SKU2825,Product_SKU2825,Chemicals,WH09,Surat,162,1895,3904,1733
SKU4005,Product_SKU4005,Chemicals,WH09,Surat,198,1905,884,1707
SKU1594,Product_SKU1594,Packaging,WH09,Surat,232,1937,4611,1705
SKU1510,Product_SKU1510,Chemicals,WH09,Surat,125,1802,2061,1677
SKU5258,Product_SKU5258,Spare Parts,WH04,Bangalore,37,1707,2487,1670
SKU1143,Product_SKU1143,Raw Material,WH04,Bangalore,39,1707,7746,1668
SKU3797,Product_SKU3797,Machinery,WH02,Delhi,315,1961,3771,1646
SKU3213,Product_SKU3213,Electronics,WH10,Jaipur,78,1705,3631,1627
SKU3149,Product_SKU3149,Chemicals,WH05,Hyderabad,144,1761,4780,1617
SKU5096,Product_SKU5096,Textiles,WH04,Bangalore,188,1802,2313,1614
SKU4497,Product_SKU4497,Textiles,WH10,Jaipur,71,1683,4146,1612
SKU2110,Product_SKU2110,Chemicals,WH04,Bangalore,52,1658,652,1606
SKU1898,Product_SKU1898,Textiles,WH08,Ahmedabad,179,1781,5395,1602
SKU4038,Product_SKU4038,Textiles,WH07,Pune,6,1607,205,1601
SKU3644,Product_SKU3644,IT Equipment,WH05,Hyderabad,67,1647,7631,1580
SKU3692,Product_SKU3692,Packaging,WH05,Hyderabad,216,1778,4105,1562
SKU3539,Product_SKU3539,Textiles,WH04,Bangalore,217,1765,2205,1548
SKU3069,Product_SKU3069,Raw Material,WH06,Kolkata,322,1869,1766,1547
SKU3539,Product_SKU3539,Spare Parts,WH08,Ahmedabad,60,1606,1146,1546
SKU1235,Product_SKU1235,IT Equipment,WH08,Ahmedabad,296,1820,1242,1524
SKU1499,Product_SKU1499,Chemicals,WH01,Mumbai,398,1921,4370,1523
SKU4008,Product_SKU4008,Raw Material,WH07,Pune,94,1617,934,1523
SKU4709,Product_SKU4709,Electronics,WH06,Kolkata,187,1705,260,1518
SKU1550,Product_SKU1550,Electronics,WH05,Hyderabad,229,1729,5340,1500
SKU2994,Product_SKU2994,Chemicals,WH08,Ahmedabad,475,1972,7909,1497
SKU1731,Product_SKU1731,Electronics,WH04,Bangalore,460,1953,3181,1493
SKU1143,Product_SKU1143,Raw Material,WH05,Hyderabad,210,1691,6556,1481
SKU2601,Product_SKU2601,Electronics,WH01,Mumbai,313,1794,7179,1481
SKU4226,Product_SKU4226,Raw Material,WH09,Surat,358,1828,1343,1470
SKU4731,Product_SKU4731,IT Equipment,WH04,Bangalore,519,1964,2386,1445
SKU3399,Product_SKU3399,Spare Parts,WH10,Jaipur,325,1770,3885,1445
SKU3390,Product_SKU3390,Chemicals,WH03,Chennai,446,1855,3850,1409
SKU4236,Product_SKU4236,Packaging,WH05,Hyderabad,68,1475,7624,1407
SKU4259,Product_SKU4259,Raw Material,WH04,Bangalore,126,1531,5238,1405
SKU2401,Product_SKU2401,Chemicals,WH03,Chennai,582,1980,7949,1398
SKU1289,Product_SKU1289,Textiles,WH02,Delhi,251,1636,494,1385
SKU2444,Product_SKU2444,IT Equipment,WH09,Surat,417,1799,5089,1382
SKU3605,Product_SKU3605,IT Equipment,WH07,Pune,269,1647,3402,1378
SKU3515,Product_SKU3515,Electronics,WH04,Bangalore,289,1660,3824,1371
SKU4317,Product_SKU4317,Packaging,WH04,Bangalore,505,1873,6997,1368
SKU1673,Product_SKU1673,Packaging,WH04,Bangalore,506,1874,3089,1368
SKU3549,Product_SKU3549,Packaging,WH08,Ahmedabad,613,1979,5130,1366
SKU1959,Product_SKU1959,Textiles,WH04,Bangalore,287,1641,2519,1354
SKU3574,Product_SKU3574,Raw Material,WH09,Surat,486,1827,3760,1341
SKU5323,Product_SKU5323,Electronics,WH04,Bangalore,379,1717,7872,1338
SKU1843,Product_SKU1843,Raw Material,WH07,Pune,261,1587,7604,1326
SKU4856,Product_SKU4856,Raw Material,WH06,Kolkata,424,1750,7590,1326
SKU3963,Product_SKU3963,IT Equipment,WH02,Delhi,61,1372,927,1311
SKU2406,Product_SKU2406,Spare Parts,WH08,Ahmedabad,92,1401,5411,1309
SKU5373,Product_SKU5373,Packaging,WH08,Ahmedabad,0,1308,6388,1308
SKU2801,Product_SKU2801,Electronics,WH05,Hyderabad,31,1336,3217,1305
SKU1499,Product_SKU1499,Raw Material,WH06,Kolkata,658,1959,1768,1301
SKU2675,Product_SKU2675,Textiles,WH01,Mumbai,276,1569,7210,1293
SKU3439,Product_SKU3439,Textiles,WH07,Pune,250,1539,5896,1289
SKU4749,Product_SKU4749,Raw Material,WH01,Mumbai,282,1569,7105,1287
SKU2291,Product_SKU2291,Electronics,WH01,Mumbai,139,1425,7654,1286
SKU1683,Product_SKU1683,Chemicals,WH10,Jaipur,43,1303,4321,1260
SKU5134,Product_SKU5134,Raw Material,WH09,Surat,201,1460,2874,1259
SKU5258,Product_SKU5258,Electronics,WH06,Kolkata,49,1299,6598,1250
SKU4403,Product_SKU4403,Packaging,WH06,Kolkata,66,1307,6702,1241
SKU3247,Product_SKU3247,Chemicals,WH09,Surat,441,1681,1144,1240
SKU5950,Product_SKU5950,Machinery,WH06,Kolkata,84,1324,2195,1240
SKU4313,Product_SKU4313,Machinery,WH04,Bangalore,277,1514,6758,1237
SKU3496,Product_SKU3496,Machinery,WH04,Bangalore,103,1339,6962,1236
SKU5802,Product_SKU5802,Machinery,WH01,Mumbai,560,1795,1062,1235
SKU4581,Product_SKU4581,Chemicals,WH06,Kolkata,152,1386,5821,1234
SKU3701,Product_SKU3701,Machinery,WH09,Surat,472,1704,2071,1232
SKU2825,Product_SKU2825,Spare Parts,WH08,Ahmedabad,407,1633,6763,1226
SKU3683,Product_SKU3683,Packaging,WH09,Surat,484,1702,364,1218
SKU5016,Product_SKU5016,Textiles,WH08,Ahmedabad,330,1543,1143,1213
SKU2929,Product_SKU2929,Machinery,WH01,Mumbai,756,1962,5869,1206
SKU3669,Product_SKU3669,Textiles,WH06,Kolkata,763,1958,1222,1195
SKU3698,Product_SKU3698,Chemicals,WH09,Surat,456,1650,3936,1194
SKU1757,Product_SKU1757,Textiles,WH08,Ahmedabad,337,1531,5351,1194
SKU3769,Product_SKU3769,IT Equipment,WH05,Hyderabad,464,1647,4507,1183
SKU4673,Product_SKU4673,Packaging,WH10,Jaipur,203,1383,1969,1180
SKU5855,Product_SKU5855,Electronics,WH05,Hyderabad,752,1930,7298,1178
SKU1293,Product_SKU1293,Machinery,WH08,Ahmedabad,128,1302,4052,1174
SKU4008,Product_SKU4008,Chemicals,WH04,Bangalore,240,1405,6789,1165
SKU2106,Product_SKU2106,Raw Material,WH08,Ahmedabad,682,1846,6676,1164
SKU3191,Product_SKU3191,Textiles,WH04,Bangalore,453,1614,1027,1161
SKU4131,Product_SKU4131,Textiles,WH08,Ahmedabad,396,1549,1863,1153
SKU2825,Product_SKU2825,Raw Material,WH05,Hyderabad,228,1373,2613,1145
SKU3997,Product_SKU3997,Electronics,WH04,Bangalore,843,1983,4573,1140
SKU5924,Product_SKU5924,Textiles,WH02,Delhi,783,1916,111,1133
SKU5501,Product_SKU5501,IT Equipment,WH04,Bangalore,432,1564,2506,1132
SKU4038,Product_SKU4038,Packaging,WH10,Jaipur,148,1279,3096,1131
SKU2935,Product_SKU2935,Textiles,WH04,Bangalore,341,1472,6306,1131
SKU5998,Product_SKU5998,Chemicals,WH01,Mumbai,456,1587,3947,1131
SKU5197,Product_SKU5197,Electronics,WH02,Delhi,836,1966,6009,1130
SKU4249,Product_SKU4249,Machinery,WH03,Chennai,307,1435,3291,1128
SKU2675,Product_SKU2675,Spare Parts,WH03,Chennai,408,1536,7770,1128
SKU5969,Product_SKU5969,IT Equipment,WH02,Delhi,376,1501,7128,1125
SKU2138,Product_SKU2138,Textiles,WH07,Pune,290,1414,5000,1124
SKU5382,Product_SKU5382,Electronics,WH07,Pune,729,1828,2061,1099
SKU4657,Product_SKU4657,IT Equipment,WH09,Surat,482,1580,7912,1098
SKU1695,Product_SKU1695,Electronics,WH06,Kolkata,898,1992,4665,1094
SKU5809,Product_SKU5809,Packaging,WH03,Chennai,289,1380,5514,1091
SKU3539,Product_SKU3539,IT Equipment,WH09,Surat,124,1213,955,1089
SKU3247,Product_SKU3247,Packaging,WH04,Bangalore,781,1866,1159,1085
SKU3380,Product_SKU3380,Raw Material,WH07,Pune,775,1860,2611,1085
SKU3705,Product_SKU3705,Electronics,WH02,Delhi,1,1084,6417,1083
SKU3341,Product_SKU3341,Raw Material,WH06,Kolkata,625,1708,5397,1083
SKU2501,Product_SKU2501,Packaging,WH09,Surat,198,1280,3247,1082
SKU3380,Product_SKU3380,Machinery,WH10,Jaipur,312,1390,2008,1078
SKU4229,Product_SKU4229,Raw Material,WH05,Hyderabad,30,1107,4369,1077
SKU3997,Product_SKU3997,IT Equipment,WH09,Surat,111,1188,6238,1077
SKU1831,Product_SKU1831,Spare Parts,WH07,Pune,247,1324,6105,1077
SKU1647,Product_SKU1647,Packaging,WH10,Jaipur,371,1445,6991,1074
SKU5187,Product_SKU5187,Chemicals,WH08,Ahmedabad,590,1662,5293,1072
SKU2778,Product_SKU2778,Textiles,WH10,Jaipur,528,1600,465,1072
SKU2060,Product_SKU2060,Spare Parts,WH06,Kolkata,533,1604,92,1071
SKU4794,Product_SKU4794,Packaging,WH02,Delhi,134,1204,711,1070
SKU1819,Product_SKU1819,Textiles,WH01,Mumbai,857,1918,6322,1061
SKU1707,Product_SKU1707,IT Equipment,WH09,Surat,363,1409,4270,1046
SKU4236,Product_SKU4236,IT Equipment,WH07,Pune,954,1997,4116,1043
SKU1695,Product_SKU1695,IT Equipment,WH05,Hyderabad,144,1184,7810,1040
SKU5044,Product_SKU5044,Electronics,WH03,Chennai,31,1063,5381,1032
SKU5855,Product_SKU5855,Electronics,WH04,Bangalore,399,1423,6377,1024
SKU2645,Product_SKU2645,Raw Material,WH10,Jaipur,326,1348,5832,1022
SKU1988,Product_SKU1988,Chemicals,WH05,Hyderabad,853,1875,432,1022
SKU4025,Product_SKU4025,Electronics,WH10,Jaipur,658,1678,4124,1020
SKU3558,Product_SKU3558,Spare Parts,WH05,Hyderabad,642,1660,1886,1018
SKU3518,Product_SKU3518,Packaging,WH04,Bangalore,791,1786,6767,995
SKU5360,Product_SKU5360,Machinery,WH07,Pune,491,1481,912,990
SKU1103,Product_SKU1103,IT Equipment,WH01,Mumbai,959,1948,1812,989
SKU3567,Product_SKU3567,Packaging,WH03,Chennai,292,1278,4140,986
SKU2937,Product_SKU2937,Electronics,WH06,Kolkata,274,1257,3952,983
SKU2942,Product_SKU2942,Textiles,WH06,Kolkata,427,1407,5147,980
SKU2238,Product_SKU2238,IT Equipment,WH03,Chennai,914,1889,3135,975
SKU1200,Product_SKU1200,IT Equipment,WH08,Ahmedabad,267,1240,1179,973
SKU5016,Product_SKU5016,Spare Parts,WH09,Surat,633,1604,6288,971
SKU1362,Product_SKU1362,Electronics,WH08,Ahmedabad,101,1069,5126,968
SKU1440,Product_SKU1440,Textiles,WH03,Chennai,327,1291,2071,964
SKU5162,Product_SKU5162,Spare Parts,WH05,Hyderabad,620,1580,4866,960
SKU4720,Product_SKU4720,Electronics,WH07,Pune,593,1550,1529,957
SKU4887,Product_SKU4887,IT Equipment,WH08,Ahmedabad,872,1827,7843,955
SKU1956,Product_SKU1956,Chemicals,WH06,Kolkata,988,1937,3526,949
SKU4457,Product_SKU4457,IT Equipment,WH08,Ahmedabad,540,1487,1927,947
SKU1504,Product_SKU1504,Chemicals,WH04,Bangalore,1053,1995,7028,942
SKU3903,Product_SKU3903,IT Equipment,WH01,Mumbai,423,1363,1714,940
SKU5416,Product_SKU5416,Machinery,WH06,Kolkata,898,1835,7662,937
SKU3997,Product_SKU3997,Spare Parts,WH07,Pune,572,1505,7650,933
SKU3726,Product_SKU3726,Textiles,WH07,Pune,346,1273,7122,927
SKU5851,Product_SKU5851,Packaging,WH05,Hyderabad,951,1876,2074,925
SKU4666,Product_SKU4666,Textiles,WH03,Chennai,613,1536,581,923
SKU4076,Product_SKU4076,IT Equipment,WH03,Chennai,670,1591,518,921
SKU5761,Product_SKU5761,Textiles,WH09,Surat,1067,1983,4884,916
SKU5416,Product_SKU5416,Packaging,WH04,Bangalore,408,1323,4858,915
SKU4259,Product_SKU4259,Textiles,WH05,Hyderabad,746,1659,4902,913
SKU3701,Product_SKU3701,Packaging,WH03,Chennai,976,1888,2178,912
SKU1959,Product_SKU1959,Spare Parts,WH01,Mumbai,405,1316,2966,911
SKU4510,Product_SKU4510,Raw Material,WH05,Hyderabad,459,1368,5073,909
SKU4738,Product_SKU4738,Textiles,WH06,Kolkata,98,1007,7834,909
SKU4226,Product_SKU4226,Spare Parts,WH02,Delhi,256,1157,4552,901
SKU5591,Product_SKU5591,Textiles,WH01,Mumbai,776,1672,7463,896
SKU2921,Product_SKU2921,IT Equipment,WH05,Hyderabad,227,1121,5130,894
SKU3711,Product_SKU3711,Machinery,WH04,Bangalore,595,1479,7484,884
SKU4940,Product_SKU4940,Chemicals,WH08,Ahmedabad,816,1696,6493,880
SKU2825,Product_SKU2825,Machinery,WH03,Chennai,127,1004,132,877
SKU3726,Product_SKU3726,Spare Parts,WH10,Jaipur,258,1135,7041,877
SKU2016,Product_SKU2016,Spare Parts,WH06,Kolkata,1066,1941,7650,875
SKU4245,Product_SKU4245,IT Equipment,WH07,Pune,72,945,5175,873
SKU4038,Product_SKU4038,Chemicals,WH01,Mumbai,348,1210,1294,862
SKU5591,Product_SKU5591,Machinery,WH06,Kolkata,989,1851,700,862
SKU1988,Product_SKU1988,Packaging,WH01,Mumbai,595,1456,4077,861
SKU2203,Product_SKU2203,Raw Material,WH02,Delhi,766,1627,7557,861
SKU5747,Product_SKU5747,Packaging,WH06,Kolkata,383,1236,3102,853
SKU5864,Product_SKU5864,Textiles,WH07,Pune,419,1269,4548,850
SKU5654,Product_SKU5654,Packaging,WH02,Delhi,910,1756,4261,846
SKU3034,Product_SKU3034,IT Equipment,WH05,Hyderabad,762,1604,1362,842
SKU2296,Product_SKU2296,Textiles,WH03,Chennai,947,1787,3952,840
SKU2662,Product_SKU2662,Raw Material,WH04,Bangalore,186,1024,1422,838
SKU5718,Product_SKU5718,Machinery,WH10,Jaipur,840,1673,830,833
SKU3945,Product_SKU3945,Raw Material,WH04,Bangalore,892,1723,5413,831
SKU2238,Product_SKU2238,Raw Material,WH01,Mumbai,1064,1894,1163,830
SKU2967,Product_SKU2967,IT Equipment,WH09,Surat,411,1236,5488,825
SKU3187,Product_SKU3187,Textiles,WH04,Bangalore,494,1309,5579,815
SKU2448,Product_SKU2448,Machinery,WH07,Pune,935,1745,6059,810
SKU4162,Product_SKU4162,Raw Material,WH07,Pune,25,832,331,807
SKU3711,Product_SKU3711,Chemicals,WH03,Chennai,165,971,4244,806
SKU2868,Product_SKU2868,Textiles,WH05,Hyderabad,69,865,1940,796
SKU2618,Product_SKU2618,Textiles,WH01,Mumbai,980,1774,7616,794
SKU2244,Product_SKU2244,Raw Material,WH08,Ahmedabad,523,1314,1396,791
SKU3268,Product_SKU3268,Electronics,WH10,Jaipur,960,1749,1013,789
SKU1329,Product_SKU1329,Textiles,WH07,Pune,440,1222,3327,782
SKU5283,Product_SKU5283,Electronics,WH01,Mumbai,813,1585,1991,772
SKU2241,Product_SKU2241,IT Equipment,WH06,Kolkata,424,1195,1958,771
SKU2601,Product_SKU2601,Packaging,WH09,Surat,975,1744,2258,769
SKU1925,Product_SKU1925,IT Equipment,WH10,Jaipur,272,1038,6541,766
SKU5162,Product_SKU5162,Spare Parts,WH10,Jaipur,716,1478,1577,762
SKU5419,Product_SKU5419,Electronics,WH01,Mumbai,973,1735,5644,762
SKU5569,Product_SKU5569,Chemicals,WH10,Jaipur,128,883,907,755
SKU5134,Product_SKU5134,Spare Parts,WH01,Mumbai,676,1423,1299,747
SKU3574,Product_SKU3574,Electronics,WH05,Hyderabad,1201,1946,3324,745
SKU3925,Product_SKU3925,Spare Parts,WH10,Jaipur,246,988,3729,742
SKU1550,Product_SKU1550,Machinery,WH06,Kolkata,1233,1971,1739,738
SKU4629,Product_SKU4629,Machinery,WH09,Surat,746,1483,4327,737
SKU1341,Product_SKU1341,Spare Parts,WH10,Jaipur,793,1528,7356,735
SKU5520,Product_SKU5520,Packaging,WH06,Kolkata,240,967,974,727
SKU3574,Product_SKU3574,Electronics,WH01,Mumbai,923,1650,1282,727
SKU5761,Product_SKU5761,Spare Parts,WH10,Jaipur,209,934,3890,725
SKU4974,Product_SKU4974,IT Equipment,WH09,Surat,785,1508,6615,723
SKU5581,Product_SKU5581,Spare Parts,WH01,Mumbai,960,1679,4121,719
SKU4946,Product_SKU4946,Chemicals,WH05,Hyderabad,530,1248,5605,718
SKU4503,Product_SKU4503,Machinery,WH05,Hyderabad,35,750,1784,715
SKU2808,Product_SKU2808,IT Equipment,WH08,Ahmedabad,959,1672,5135,713
SKU1436,Product_SKU1436,Raw Material,WH10,Jaipur,383,1094,5772,711
SKU5111,Product_SKU5111,Textiles,WH09,Surat,683,1393,1474,710
SKU1905,Product_SKU1905,Packaging,WH08,Ahmedabad,1036,1745,3354,709
SKU1289,Product_SKU1289,Raw Material,WH01,Mumbai,929,1629,7230,700
SKU5552,Product_SKU5552,Electronics,WH02,Delhi,643,1342,2261,699
SKU4245,Product_SKU4245,Textiles,WH10,Jaipur,1137,1834,2576,697
SKU5038,Product_SKU5038,Spare Parts,WH03,Chennai,753,1450,3651,697
SKU4867,Product_SKU4867,IT Equipment,WH03,Chennai,994,1685,2612,691
SKU5577,Product_SKU5577,Raw Material,WH05,Hyderabad,600,1291,5922,691
SKU3390,Product_SKU3390,Chemicals,WH04,Bangalore,805,1494,6803,689
SKU1531,Product_SKU1531,Packaging,WH07,Pune,1249,1934,5616,685
SKU1256,Product_SKU1256,Electronics,WH09,Surat,182,862,1437,680
SKU4740,Product_SKU4740,Chemicals,WH06,Kolkata,1012,1689,787,677
SKU5864,Product_SKU5864,Raw Material,WH05,Hyderabad,672,1347,5658,675
SKU5764,Product_SKU5764,Machinery,WH04,Bangalore,1066,1735,578,669
SKU2367,Product_SKU2367,Packaging,WH02,Delhi,839,1508,1157,669
SKU5643,Product_SKU5643,IT Equipment,WH04,Bangalore,1166,1835,7949,669
SKU3103,Product_SKU3103,Packaging,WH08,Ahmedabad,81,749,1235,668
SKU1289,Product_SKU1289,Machinery,WH03,Chennai,1288,1947,1480,659
SKU2738,Product_SKU2738,IT Equipment,WH01,Mumbai,1209,1866,5225,657
SKU2136,Product_SKU2136,IT Equipment,WH06,Kolkata,1191,1842,3988,651
SKU1051,Product_SKU1051,Spare Parts,WH10,Jaipur,1249,1897,1196,648
SKU5924,Product_SKU5924,Spare Parts,WH08,Ahmedabad,73,720,4775,647
SKU1108,Product_SKU1108,Textiles,WH03,Chennai,839,1486,7038,647
SKU4651,Product_SKU4651,IT Equipment,WH04,Bangalore,764,1411,5283,647
SKU2331,Product_SKU2331,Spare Parts,WH04,Bangalore,640,1286,3215,646
SKU5654,Product_SKU5654,Textiles,WH04,Bangalore,488,1130,6478,642
SKU3470,Product_SKU3470,Packaging,WH07,Pune,268,909,5335,641
SKU2060,Product_SKU2060,Spare Parts,WH01,Mumbai,894,1533,1640,639
SKU2645,Product_SKU2645,Chemicals,WH02,Delhi,548,1183,4328,635
SKU2509,Product_SKU2509,Spare Parts,WH10,Jaipur,1275,1909,6446,634
SKU1504,Product_SKU1504,IT Equipment,WH03,Chennai,1366,1998,4230,632
SKU4382,Product_SKU4382,Raw Material,WH02,Delhi,1217,1846,265,629
SKU5668,Product_SKU5668,Electronics,WH04,Bangalore,1094,1719,725,625
SKU4555,Product_SKU4555,Raw Material,WH02,Delhi,1139,1759,3666,620
SKU3433,Product_SKU3433,Electronics,WH04,Bangalore,947,1566,1625,619
SKU5921,Product_SKU5921,Raw Material,WH06,Kolkata,95,712,2986,617
SKU3914,Product_SKU3914,Machinery,WH07,Pune,1089,1702,4655,613
SKU5090,Product_SKU5090,Spare Parts,WH08,Ahmedabad,1178,1789,2621,611
SKU2060,Product_SKU2060,Packaging,WH10,Jaipur,938,1545,3565,607
SKU4979,Product_SKU4979,Chemicals,WH09,Surat,396,1002,6788,606
SKU1417,Product_SKU1417,Chemicals,WH02,Delhi,272,874,7294,602
SKU3795,Product_SKU3795,Electronics,WH06,Kolkata,930,1525,7063,595
SKU3951,Product_SKU3951,Raw Material,WH02,Delhi,266,860,2824,594
SKU2819,Product_SKU2819,Spare Parts,WH02,Delhi,1062,1655,4121,593
SKU3488,Product_SKU3488,Raw Material,WH08,Ahmedabad,170,753,6821,583
SKU2462,Product_SKU2462,Raw Material,WH02,Delhi,394,972,7082,578
SKU2189,Product_SKU2189,Raw Material,WH07,Pune,1344,1917,7874,573
SKU2778,Product_SKU2778,Electronics,WH04,Bangalore,466,1033,2042,567
SKU2291,Product_SKU2291,Raw Material,WH08,Ahmedabad,1260,1827,5367,567
SKU3458,Product_SKU3458,Electronics,WH03,Chennai,541,1107,7697,566
SKU2444,Product_SKU2444,Chemicals,WH07,Pune,503,1068,2042,565
SKU3925,Product_SKU3925,Machinery,WH02,Delhi,155,720,5588,565
SKU4946,Product_SKU4946,Packaging,WH08,Ahmedabad,435,996,4814,561
SKU5921,Product_SKU5921,Machinery,WH04,Bangalore,919,1480,3421,561
SKU3496,Product_SKU3496,Raw Material,WH01,Mumbai,1045,1599,7987,554
SKU3069,Product_SKU3069,Chemicals,WH04,Bangalore,1274,1822,7021,548
SKU1673,Product_SKU1673,Chemicals,WH05,Hyderabad,1109,1656,1145,547
SKU5197,Product_SKU5197,Spare Parts,WH10,Jaipur,621,1166,1662,545
SKU3849,Product_SKU3849,Electronics,WH04,Bangalore,686,1222,7871,536
SKU2683,Product_SKU2683,Spare Parts,WH04,Bangalore,449,982,3345,533
SKU4946,Product_SKU4946,Packaging,WH01,Mumbai,1182,1714,259,532
SKU2808,Product_SKU2808,Electronics,WH07,Pune,690,1219,4818,529
SKU3953,Product_SKU3953,Raw Material,WH05,Hyderabad,495,1023,6419,528
SKU5038,Product_SKU5038,Raw Material,WH09,Surat,439,966,768,527
SKU4013,Product_SKU4013,Chemicals,WH03,Chennai,1071,1596,6864,525
SKU4986,Product_SKU4986,Electronics,WH10,Jaipur,288,811,7250,523
SKU4604,Product_SKU4604,Packaging,WH05,Hyderabad,1416,1936,3010,520
SKU5037,Product_SKU5037,Chemicals,WH07,Pune,0,520,6998,520
SKU3107,Product_SKU3107,Textiles,WH10,Jaipur,1023,1541,6557,518
SKU2291,Product_SKU2291,Electronics,WH05,Hyderabad,727,1240,2353,513
SKU1256,Product_SKU1256,Packaging,WH07,Pune,933,1444,2211,511
SKU5802,Product_SKU5802,Textiles,WH04,Bangalore,177,687,6268,510
SKU5742,Product_SKU5742,Electronics,WH01,Mumbai,1461,1965,2339,504
SKU4451,Product_SKU4451,IT Equipment,WH02,Delhi,292,795,6259,503
SKU1659,Product_SKU1659,Machinery,WH10,Jaipur,1253,1754,1553,501
SKU1718,Product_SKU1718,Chemicals,WH01,Mumbai,314,813,5710,499
SKU3795,Product_SKU3795,Packaging,WH08,Ahmedabad,941,1437,7938,496
SKU4696,Product_SKU4696,Machinery,WH09,Surat,665,1159,6974,494
SKU3753,Product_SKU3753,IT Equipment,WH04,Bangalore,1109,1600,1943,491
SKU1588,Product_SKU1588,Spare Parts,WH03,Chennai,383,867,1782,484
SKU5696,Product_SKU5696,Machinery,WH10,Jaipur,1150,1633,757,483
SKU5011,Product_SKU5011,Electronics,WH09,Surat,1498,1974,4087,476
SKU1683,Product_SKU1683,Electronics,WH06,Kolkata,406,882,7425,476
SKU1508,Product_SKU1508,Machinery,WH06,Kolkata,1123,1598,5091,475
SKU4123,Product_SKU4123,Chemicals,WH07,Pune,754,1227,3789,473
SKU2241,Product_SKU2241,Spare Parts,WH02,Delhi,914,1384,3012,470
SKU3470,Product_SKU3470,Raw Material,WH02,Delhi,349,817,5443,468
SKU2601,Product_SKU2601,Electronics,WH05,Hyderabad,1418,1885,6348,467
SKU1575,Product_SKU1575,IT Equipment,WH01,Mumbai,1163,1630,4981,467
SKU4748,Product_SKU4748,Machinery,WH02,Delhi,1053,1515,3059,462
SKU1695,Product_SKU1695,Textiles,WH03,Chennai,1104,1563,239,459
SKU1594,Product_SKU1594,Packaging,WH05,Hyderabad,851,1308,3052,457
SKU2454,Product_SKU2454,Textiles,WH09,Surat,1523,1980,3438,457
SKU5044,Product_SKU5044,Electronics,WH05,Hyderabad,851,1307,1912,456
SKU3726,Product_SKU3726,IT Equipment,WH04,Bangalore,146,597,7865,451
SKU1289,Product_SKU1289,IT Equipment,WH06,Kolkata,723,1171,490,448
SKU3247,Product_SKU3247,Textiles,WH07,Pune,480,928,3966,448
SKU3433,Product_SKU3433,Packaging,WH03,Chennai,877,1322,3349,445
SKU5016,Product_SKU5016,IT Equipment,WH03,Chennai,1517,1960,7518,443
SKU1637,Product_SKU1637,Textiles,WH04,Bangalore,185,627,4410,442
SKU4184,Product_SKU4184,Textiles,WH04,Bangalore,224,657,4012,433
SKU4484,Product_SKU4484,IT Equipment,WH05,Hyderabad,249,680,3368,431
SKU2110,Product_SKU2110,Raw Material,WH09,Surat,1407,1834,5165,427
SKU4966,Product_SKU4966,Spare Parts,WH10,Jaipur,1300,1718,3349,418
SKU3705,Product_SKU3705,Machinery,WH07,Pune,1372,1790,1603,418
SKU4797,Product_SKU4797,Raw Material,WH04,Bangalore,325,731,4963,406
SKU4581,Product_SKU4581,Spare Parts,WH05,Hyderabad,298,703,4752,405
SKU5954,Product_SKU5954,Chemicals,WH05,Hyderabad,1142,1544,2850,402
SKU3424,Product_SKU3424,Machinery,WH09,Surat,282,680,1589,398
SKU1168,Product_SKU1168,Raw Material,WH07,Pune,1548,1940,1765,392
SKU1575,Product_SKU1575,Spare Parts,WH03,Chennai,148,536,3029,388
SKU1138,Product_SKU1138,Electronics,WH08,Ahmedabad,212,594,1368,382
SKU3696,Product_SKU3696,Machinery,WH08,Ahmedabad,1617,1995,5782,378
SKU2684,Product_SKU2684,Chemicals,WH05,Hyderabad,316,691,7052,375
SKU2060,Product_SKU2060,Packaging,WH07,Pune,115,487,1051,372
SKU2778,Product_SKU2778,IT Equipment,WH01,Mumbai,294,664,7601,370
SKU2525,Product_SKU2525,Machinery,WH09,Surat,1347,1706,442,359
SKU1353,Product_SKU1353,Raw Material,WH04,Bangalore,193,551,1749,358
SKU2027,Product_SKU2027,Spare Parts,WH10,Jaipur,1140,1496,6466,356
SKU2203,Product_SKU2203,IT Equipment,WH10,Jaipur,16,367,5989,351
SKU2948,Product_SKU2948,Packaging,WH09,Surat,1566,1917,1187,351
SKU3914,Product_SKU3914,Raw Material,WH10,Jaipur,226,576,2118,350
SKU5864,Product_SKU5864,Machinery,WH02,Delhi,1644,1992,685,348
SKU1647,Product_SKU1647,Electronics,WH06,Kolkata,981,1327,6149,346
SKU2519,Product_SKU2519,Packaging,WH05,Hyderabad,1083,1428,6986,345
SKU1505,Product_SKU1505,Machinery,WH04,Bangalore,838,1181,1587,343
SKU4974,Product_SKU4974,Chemicals,WH08,Ahmedabad,1012,1353,5664,341
SKU3539,Product_SKU3539,Packaging,WH01,Mumbai,1013,1354,814,341
SKU1731,Product_SKU1731,Chemicals,WH01,Mumbai,1258,1598,5595,340
SKU4581,Product_SKU4581,IT Equipment,WH01,Mumbai,1372,1709,2379,337
SKU1143,Product_SKU1143,Textiles,WH03,Chennai,961,1297,6433,336
SKU5416,Product_SKU5416,Packaging,WH09,Surat,574,910,4986,336
SKU4381,Product_SKU4381,Raw Material,WH03,Chennai,252,587,4614,335
SKU4576,Product_SKU4576,Spare Parts,WH07,Pune,63,397,4320,334
SKU2662,Product_SKU2662,Textiles,WH09,Surat,443,776,2862,333
SKU1499,Product_SKU1499,Raw Material,WH05,Hyderabad,652,985,3569,333
SKU3327,Product_SKU3327,Electronics,WH10,Jaipur,1255,1587,1397,332
SKU5824,Product_SKU5824,Machinery,WH10,Jaipur,165,497,7400,332
SKU4692,Product_SKU4692,Machinery,WH09,Surat,1354,1686,6711,332
SKU4974,Product_SKU4974,Machinery,WH05,Hyderabad,251,581,2813,330
SKU3262,Product_SKU3262,Machinery,WH02,Delhi,1455,1783,4293,328
SKU1819,Product_SKU1819,Raw Material,WH04,Bangalore,1677,2000,7777,323
SKU1075,Product_SKU1075,IT Equipment,WH08,Ahmedabad,1049,1370,5698,321
SKU5419,Product_SKU5419,Textiles,WH03,Chennai,34,349,6842,315
SKU5911,Product_SKU5911,Spare Parts,WH05,Hyderabad,875,1188,1783,313
SKU3953,Product_SKU3953,Chemicals,WH09,Surat,1262,1575,3410,313
SKU3753,Product_SKU3753,Spare Parts,WH08,Ahmedabad,1207,1518,5001,311
SKU1819,Product_SKU1819,IT Equipment,WH09,Surat,1351,1660,1051,309
SKU3669,Product_SKU3669,Machinery,WH04,Bangalore,106,414,4124,308
SKU2027,Product_SKU2027,Raw Material,WH06,Kolkata,1637,1939,5495,302
SKU1100,Product_SKU1100,IT Equipment,WH01,Mumbai,771,1069,5442,298
SKU4915,Product_SKU4915,Packaging,WH06,Kolkata,1575,1871,114,296
SKU4735,Product_SKU4735,Electronics,WH05,Hyderabad,30,325,5465,295
SKU5591,Product_SKU5591,Spare Parts,WH10,Jaipur,1521,1814,4585,293
SKU5966,Product_SKU5966,Electronics,WH06,Kolkata,1249,1542,4666,293
SKU5241,Product_SKU5241,Spare Parts,WH03,Chennai,328,614,4008,286
SKU3953,Product_SKU3953,Textiles,WH01,Mumbai,1466,1749,3821,283
SKU2247,Product_SKU2247,Electronics,WH08,Ahmedabad,254,532,2894,278
SKU2662,Product_SKU2662,Packaging,WH03,Chennai,809,1086,4538,277
SKU1504,Product_SKU1504,Spare Parts,WH09,Surat,984,1256,3837,272
SKU4698,Product_SKU4698,Raw Material,WH07,Pune,1450,1717,1328,267
SKU3782,Product_SKU3782,Packaging,WH07,Pune,245,508,482,263
SKU4709,Product_SKU4709,IT Equipment,WH02,Delhi,63,322,6734,259
SKU5956,Product_SKU5956,Chemicals,WH03,Chennai,159,415,7877,256
SKU5394,Product_SKU5394,Packaging,WH06,Kolkata,1353,1607,4536,254
SKU2145,Product_SKU2145,Chemicals,WH04,Bangalore,608,857,7211,249
SKU1298,Product_SKU1298,Spare Parts,WH02,Delhi,1269,1517,5974,248
SKU1510,Product_SKU1510,Spare Parts,WH10,Jaipur,459,703,414,244
SKU5174,Product_SKU5174,Packaging,WH06,Kolkata,1209,1452,2728,243
SKU4308,Product_SKU4308,Machinery,WH09,Surat,1006,1245,4354,239
SKU2387,Product_SKU2387,Spare Parts,WH05,Hyderabad,1655,1891,4183,236
SKU1026,Product_SKU1026,Machinery,WH03,Chennai,1122,1354,52,232
SKU2354,Product_SKU2354,Machinery,WH01,Mumbai,984,1213,2277,229
SKU4485,Product_SKU4485,IT Equipment,WH08,Ahmedabad,902,1129,4274,227
SKU1069,Product_SKU1069,Raw Material,WH07,Pune,1502,1729,1162,227
SKU4794,Product_SKU4794,Electronics,WH01,Mumbai,1302,1529,4871,227
SKU4600,Product_SKU4600,Electronics,WH02,Delhi,331,554,2788,223
SKU1075,Product_SKU1075,Chemicals,WH07,Pune,506,728,7351,222
SKU3914,Product_SKU3914,Textiles,WH04,Bangalore,466,687,2928,221
SKU2321,Product_SKU2321,Packaging,WH04,Bangalore,410,629,2514,219
SKU1575,Product_SKU1575,Packaging,WH05,Hyderabad,1175,1394,5571,219
SKU5591,Product_SKU5591,Raw Material,WH03,Chennai,1487,1701,4631,214
SKU2247,Product_SKU2247,IT Equipment,WH07,Pune,100,314,6867,214
SKU4503,Product_SKU4503,Chemicals,WH04,Bangalore,604,818,1573,214
SKU1143,Product_SKU1143,Spare Parts,WH08,Ahmedabad,342,551,1859,209
SKU1362,Product_SKU1362,Packaging,WH04,Bangalore,421,630,6460,209
SKU3259,Product_SKU3259,Raw Material,WH01,Mumbai,1722,1928,7469,206
SKU4240,Product_SKU4240,Electronics,WH02,Delhi,1314,1520,5461,206
SKU5097,Product_SKU5097,Electronics,WH08,Ahmedabad,413,618,4518,205
SKU2680,Product_SKU2680,Machinery,WH02,Delhi,600,804,372,204
SKU2834,Product_SKU2834,Spare Parts,WH08,Ahmedabad,252,453,775,201
SKU2138,Product_SKU2138,Electronics,WH04,Bangalore,688,888,1354,200
SKU4485,Product_SKU4485,Electronics,WH02,Delhi,249,449,2786,200
SKU3821,Product_SKU3821,Machinery,WH02,Delhi,541,740,3159,199
SKU2512,Product_SKU2512,Electronics,WH02,Delhi,1675,1872,1717,197
SKU2853,Product_SKU2853,IT Equipment,WH10,Jaipur,17,213,3916,196
SKU3515,Product_SKU3515,Textiles,WH05,Hyderabad,160,355,3049,195
SKU1508,Product_SKU1508,IT Equipment,WH04,Bangalore,750,942,2401,192
SKU3515,Product_SKU3515,Packaging,WH01,Mumbai,1254,1444,4211,190
SKU1594,Product_SKU1594,IT Equipment,WH03,Chennai,1318,1506,4992,188
SKU2885,Product_SKU2885,Textiles,WH05,Hyderabad,1652,1837,487,185
SKU4749,Product_SKU4749,Electronics,WH08,Ahmedabad,1486,1671,7763,185
SKU4162,Product_SKU4162,Spare Parts,WH01,Mumbai,0,178,6985,178
SKU5635,Product_SKU5635,Spare Parts,WH10,Jaipur,675,851,5841,176
SKU4076,Product_SKU4076,Raw Material,WH07,Pune,1294,1468,3896,174
SKU2241,Product_SKU2241,Textiles,WH05,Hyderabad,1804,1972,2833,168
SKU1286,Product_SKU1286,Machinery,WH08,Ahmedabad,1372,1535,4447,163
SKU2247,Product_SKU2247,Raw Material,WH02,Delhi,298,461,274,163
SKU2966,Product_SKU2966,Electronics,WH03,Chennai,1190,1352,6560,162
SKU4720,Product_SKU4720,Electronics,WH05,Hyderabad,1401,1563,7724,162
SKU1552,Product_SKU1552,Machinery,WH07,Pune,150,306,7280,156
SKU4600,Product_SKU4600,Machinery,WH08,Ahmedabad,1141,1286,7631,145
SKU2684,Product_SKU2684,Spare Parts,WH10,Jaipur,416,560,6504,144
SKU4682,Product_SKU4682,IT Equipment,WH03,Chennai,1357,1501,4997,144
SKU1138,Product_SKU1138,Textiles,WH06,Kolkata,882,1025,5085,143
SKU4576,Product_SKU4576,Raw Material,WH03,Chennai,981,1114,3191,133
SKU2189,Product_SKU2189,Electronics,WH03,Chennai,393,526,7510,133
SKU1454,Product_SKU1454,Chemicals,WH01,Mumbai,570,701,3444,131
SKU1075,Product_SKU1075,Spare Parts,WH10,Jaipur,1692,1823,7872,131
SKU4656,Product_SKU4656,IT Equipment,WH10,Jaipur,1802,1932,6919,130
SKU4308,Product_SKU4308,Machinery,WH03,Chennai,1149,1276,465,127
SKU3669,Product_SKU3669,Chemicals,WH10,Jaipur,1733,1859,4029,126
SKU1204,Product_SKU1204,Raw Material,WH09,Surat,825,947,2477,122
SKU1335,Product_SKU1335,Raw Material,WH02,Delhi,431,552,7086,121
SKU5283,Product_SKU5283,Raw Material,WH02,Delhi,475,595,5824,120
SKU4834,Product_SKU4834,Textiles,WH06,Kolkata,739,858,889,119
SKU3390,Product_SKU3390,Textiles,WH06,Kolkata,1840,1959,3174,119
SKU2296,Product_SKU2296,Electronics,WH10,Jaipur,947,1061,6778,114
SKU3496,Product_SKU3496,IT Equipment,WH05,Hyderabad,363,474,6618,111
SKU2966,Product_SKU2966,Packaging,WH08,Ahmedabad,1085,1195,5465,110
SKU4336,Product_SKU4336,Spare Parts,WH09,Surat,750,856,332,106
SKU2387,Product_SKU2387,Machinery,WH04,Bangalore,1382,1486,1080,104
SKU3925,Product_SKU3925,Packaging,WH04,Bangalore,469,570,3071,101
SKU4737,Product_SKU4737,Spare Parts,WH04,Bangalore,276,374,5440,98
SKU4725,Product_SKU4725,Electronics,WH03,Chennai,1500,1596,282,96
SKU4915,Product_SKU4915,IT Equipment,WH05,Hyderabad,1111,1204,2652,93
SKU4184,Product_SKU4184,Electronics,WH10,Jaipur,1438,1529,3082,91
SKU5060,Product_SKU5060,Spare Parts,WH05,Hyderabad,1484,1573,738,89
SKU2156,Product_SKU2156,Textiles,WH01,Mumbai,1443,1532,5464,89
SKU4672,Product_SKU4672,Textiles,WH05,Hyderabad,494,581,595,87
SKU4695,Product_SKU4695,Chemicals,WH03,Chennai,716,803,5048,87
SKU4748,Product_SKU4748,Raw Material,WH09,Surat,1232,1319,4570,87
SKU1854,Product_SKU1854,IT Equipment,WH02,Delhi,1491,1576,1363,85
SKU1588,Product_SKU1588,Machinery,WH08,Ahmedabad,1428,1511,6236,83
SKU3085,Product_SKU3085,Spare Parts,WH10,Jaipur,218,301,486,83
SKU2146,Product_SKU2146,Spare Parts,WH09,Surat,1055,1135,6836,80
SKU2032,Product_SKU2032,Electronics,WH04,Bangalore,1072,1151,5107,79
SKU2778,Product_SKU2778,Packaging,WH05,Hyderabad,1179,1258,4131,79
SKU4666,Product_SKU4666,Machinery,WH06,Kolkata,1098,1168,6246,70
SKU1143,Product_SKU1143,Electronics,WH02,Delhi,270,338,163,68
SKU3274,Product_SKU3274,Chemicals,WH07,Pune,759,826,3304,67
SKU2994,Product_SKU2994,Machinery,WH05,Hyderabad,1730,1791,7210,61
SKU4400,Product_SKU4400,Spare Parts,WH04,Bangalore,250,308,1065,58
SKU4405,Product_SKU4405,Chemicals,WH03,Chennai,1012,1064,4428,52
SKU3496,Product_SKU3496,Electronics,WH10,Jaipur,1791,1841,5692,50
SKU3518,Product_SKU3518,IT Equipment,WH07,Pune,707,752,2911,45
SKU4317,Product_SKU4317,Electronics,WH08,Ahmedabad,1486,1528,7397,42
SKU1101,Product_SKU1101,Spare Parts,WH06,Kolkata,1416,1455,2111,39
SKU5162,Product_SKU5162,Chemicals,WH01,Mumbai,76,114,3624,38
SKU5911,Product_SKU5911,Textiles,WH06,Kolkata,689,726,2426,37
SKU1113,Product_SKU1113,Electronics,WH09,Surat,1905,1942,5184,37
SKU5501,Product_SKU5501,Textiles,WH02,Delhi,1581,1617,532,36
SKU4025,Product_SKU4025,Spare Parts,WH02,Delhi,713,746,5971,33
SKU5934,Product_SKU5934,Packaging,WH07,Pune,908,940,7290,32
SKU2683,Product_SKU2683,Packaging,WH01,Mumbai,372,403,1798,31
SKU1414,Product_SKU1414,Electronics,WH08,Ahmedabad,1698,1729,698,31
SKU5323,Product_SKU5323,Packaging,WH07,Pune,1881,1910,7269,29
SKU2868,Product_SKU2868,Raw Material,WH04,Bangalore,1103,1132,6547,29
SKU1417,Product_SKU1417,Spare Parts,WH01,Mumbai,154,182,7699,28
SKU2684,Product_SKU2684,Textiles,WH04,Bangalore,734,761,4124,27
SKU2264,Product_SKU2264,Spare Parts,WH03,Chennai,347,369,750,22
SKU3433,Product_SKU3433,Electronics,WH09,Surat,1706,1727,2298,21
SKU3250,Product_SKU3250,Raw Material,WH09,Surat,1046,1067,1797,21
SKU1622,Product_SKU1622,Machinery,WH07,Pune,1433,1453,4906,20
SKU2683,Product_SKU2683,Textiles,WH05,Hyderabad,1307,1326,2382,19
SKU4617,Product_SKU4617,Textiles,WH02,Delhi,284,300,7806,16
SKU3490,Product_SKU3490,Machinery,WH09,Surat,1401,1415,2679,14
SKU5992,Product_SKU5992,IT Equipment,WH09,Surat,666,677,5557,11
SKU3768,Product_SKU3768,Packaging,WH03,Chennai,1850,1857,4935,7
SKU5520,Product_SKU5520,Machinery,WH01,Mumbai,866,872,539,6
SKU5744,Product_SKU5744,IT Equipment,WH07,Pune,771,776,6036,5
