Vendor_ID,Return_Lines,Return_Qty,Return_Value,Vendor_Name,Vendor_Category,Vendor_Tier
VND00640,10,2540,10136388.35,Vendor_0640,Machinery,Tier 3
VND00818,12,3872,9222461.51,Vendor_0818,IT Services,Tier 3
VND00198,13,3537,9178917.78,Vendor_0198,Electronics,Tier 1
VND00572,11,2822,9154825.46,Vendor_0572,Textiles,Tier 1
VND00695,8,3042,8962346.63,Vendor_0695,Packaging,Tier 3
VND00529,8,2537,8886095.11,Vendor_0529,IT Services,Tier 3
VND00677,10,3045,8863307.49,Vendor_0677,Machinery,Tier 3
VND00625,9,3286,8814161.84,Vendor_0625,Electronics,Tier 2
VND00218,10,3051,8791483.79,Vendor_0218,Raw Material,Tier 1
VND00774,7,2553,8781116.91,Vendor_0774,IT Services,Tier 3
VND00924,8,2091,8622096.86,Vendor_0924,IT Services,Tier 1
VND00274,10,2607,8568916.72,Vendor_0274,Chemicals,Tier 1
VND00883,9,2574,8491480.45,Vendor_0883,Raw Material,Tier 3
VND00685,12,2863,8257725.61,Vendor_0685,Raw Material,Tier 1
VND00011,10,2669,8250575.58,Vendor_0011,Logistics,Tier 3
VND00614,9,2853,8148747.31,Vendor_0614,Machinery,Tier 3
VND00604,7,2367,8020733.34,Vendor_0604,IT Services,Tier 3
VND00464,11,2808,7878954.32,Vendor_0464,Machinery,Tier 2
VND00586,9,2516,7863281.26,Vendor_0586,Logistics,Tier 3
VND00919,10,3444,7854108.81,Vendor_0919,IT Services,Tier 1
VND00680,10,2767,7819354.63,Vendor_0680,Electronics,Tier 1
VND00317,8,2719,7741856.78,Vendor_0317,Machinery,Tier 3
VND00592,10,2530,7710496.0,Vendor_0592,Machinery,Tier 2
VND00178,8,2315,7603926.96,Vendor_0178,Machinery,Tier 3
VND00002,8,2546,7489975.55,Vendor_0002,Electronics,Tier 1
VND00449,10,2841,7434045.47,Vendor_0449,Textiles,Tier 3
VND00286,11,2508,7353525.45,Vendor_0286,Packaging,Tier 3
VND00158,8,2503,7343354.49,Vendor_0158,IT Services,Tier 1
VND00005,8,2698,7342419.73,Vendor_0005,Logistics,Tier 3
VND00390,6,1869,7337358.12,Vendor_0390,IT Services,Tier 1
VND00874,6,1957,7309777.61,Vendor_0874,Chemicals,Tier 3
VND00740,8,2137,7303290.45,Vendor_0740,Textiles,Tier 3
VND00596,10,3034,7290943.93,Vendor_0596,Machinery,Tier 2
VND00303,6,2356,7290688.71,Vendor_0303,Raw Material,Tier 2
VND00622,7,1800,7273332.14,Vendor_0622,Unknown,Tier 3
VND00146,8,2657,7175342.03,Vendor_0146,Raw Material,Tier 3
VND00417,8,2453,7070696.38,Vendor_0417,Electronics,Tier 3
VND00668,11,2209,7009797.21,Vendor_0668,Raw Material,Tier 3
VND00319,10,2623,6991647.62,Vendor_0319,Electronics,Tier 3
VND00024,7,2085,6989308.87,Vendor_0024,Logistics,Tier 3
VND00949,7,1856,6968867.36,Vendor_0949,Logistics,Tier 1
VND00580,7,2273,6951610.04,Vendor_0580,Electronics,Tier 3
VND00335,6,2112,6898176.86,Vendor_0335,Chemicals,Tier 3
VND00087,9,2225,6871403.15,Vendor_0087,Raw Material,Tier 1
VND00192,9,2886,6843120.52,Vendor_0192,IT Services,Tier 1
VND00995,7,2207,6841931.47,Vendor_0995,Textiles,Tier 3
VND00216,8,2188,6809286.06,Vendor_0216,Chemicals,Tier 3
VND00220,6,1970,6778233.08,Vendor_0220,Electronics,Tier 1
VND00882,7,2647,6775812.07,Vendor_0882,IT Services,Tier 2
VND00377,6,2071,6758771.27,Vendor_0377,IT Services,Tier 1
VND00775,7,1929,6742964.01,Vendor_0775,Chemicals,Tier 1
VND00803,8,2016,6699856.42,Vendor_0803,Textiles,Tier 2
VND00861,8,2270,6657259.59,Vendor_0861,Logistics,Tier 1
VND00844,5,1820,6605983.95,Vendor_0844,Machinery,Tier 1
VND00523,7,2324,6495863.86,Vendor_0523,IT Services,Tier 1
VND00172,9,2391,6409909.22,Vendor_0172,Textiles,Tier 3
VND00017,8,1947,6388918.25,Vendor_0017,Packaging,Tier 3
VND00099,7,2250,6374571.76,Vendor_0099,Unknown,Tier 3
VND00420,12,2458,6364244.95,Vendor_0420,Logistics,Tier 1
VND00870,7,2428,6355648.64,Vendor_0870,Raw Material,Tier 1
VND00144,7,1609,6319834.61,Vendor_0144,Raw Material,Tier 3
VND00790,7,1505,6301763.69,Vendor_0790,Chemicals,Tier 1
VND00453,6,1796,6256975.84,Vendor_0453,IT Services,Tier 3
VND00195,7,1742,6249576.78,Vendor_0195,Unknown,Tier 3
VND00744,7,1986,6225213.37,Vendor_0744,IT Services,Tier 2
VND00952,8,2453,6224181.12,Vendor_0952,Logistics,Tier 2
VND00619,12,2705,6218872.98,Vendor_0619,IT Services,Tier 1
VND00419,5,1879,6218860.4,Vendor_0419,Packaging,Tier 2
VND00591,7,2027,6215096.29,Vendor_0591,Logistics,Tier 3
VND00388,9,2778,6212183.33,Vendor_0388,Logistics,Tier 3
VND00766,9,3187,6210544.5,Vendor_0766,Machinery,Tier 2
VND00309,6,1672,6169571.71,Vendor_0309,Machinery,Tier 1
VND00157,12,2458,6166607.84,Vendor_0157,Machinery,Tier 2
VND00257,7,2066,6155658.93,Vendor_0257,Machinery,Tier 1
VND00405,5,1442,6150199.45,Vendor_0405,Logistics,Tier 3
VND00989,9,2351,6127134.31,Vendor_0989,Chemicals,Tier 3
VND00877,7,1567,6112656.83,Vendor_0877,Machinery,Tier 1
VND00225,9,2896,6087707.18,Vendor_0225,Chemicals,Tier 3
VND00831,6,1805,6063186.96,Vendor_0831,Textiles,Tier 3
VND00407,8,2421,6041765.49,Vendor_0407,IT Services,Tier 3
VND00917,6,1847,6037415.73,Vendor_0917,Electronics,Tier 3
VND00634,6,1692,6033387.1,Vendor_0634,Textiles,Tier 2
VND00741,10,2857,6028128.96,Vendor_0741,Unknown,Tier 2
VND00752,6,2025,5985443.28,Vendor_0752,IT Services,Tier 1
VND00108,8,2408,5974696.68,Vendor_0108,Chemicals,Tier 1
VND00679,7,2178,5894233.4,Vendor_0679,IT Services,Tier 1
VND00733,9,3033,5883515.24,Vendor_0733,IT Services,Tier 2
VND00759,9,2757,5882621.9,Vendor_0759,Electronics,Unclassified
VND00696,5,1527,5870291.59,Vendor_0696,Textiles,Tier 2
VND00054,6,1645,5865034.57,Vendor_0054,IT Services,Tier 1
VND00714,8,2384,5859045.82,Vendor_0714,Chemicals,Tier 3
VND00849,5,1701,5854617.69,Vendor_0849,Electronics,Tier 2
VND00422,7,1659,5823417.86,Vendor_0422,Packaging,Tier 1
VND00153,5,2082,5745376.95,Vendor_0153,IT Services,Tier 3
VND00628,6,1876,5714200.4,Vendor_0628,Textiles,Tier 1
VND00279,9,2123,5707681.1,Vendor_0279,Textiles,Tier 2
VND00226,8,2467,5697090.56,Vendor_0226,Electronics,Tier 3
VND00327,9,2019,5689164.23,Vendor_0327,Machinery,Tier 2
VND00025,9,2766,5661399.14,Vendor_0025,Packaging,Tier 2
VND00204,6,1579,5640041.9,Vendor_0204,Electronics,Tier 1
VND00059,6,1713,5614812.19,Vendor_0059,Packaging,Tier 3
VND00077,7,1945,5608718.22,Vendor_0077,Packaging,Tier 1
VND00921,6,2119,5607983.08,Vendor_0921,Chemicals,Tier 1
VND00064,4,1514,5606607.5,Vendor_0064,IT Services,Tier 3
VND00255,8,2865,5588813.48,Vendor_0255,Chemicals,Tier 3
VND00341,7,1985,5575831.59,Vendor_0341,Chemicals,Tier 2
VND00571,5,1563,5573597.95,Vendor_0571,Chemicals,Tier 2
VND00363,6,2118,5570595.07,Vendor_0363,Unknown,Tier 2
VND00471,9,1535,5542519.02,Vendor_0471,Textiles,Tier 3
VND00732,9,2039,5531669.43,Vendor_0732,IT Services,Tier 1
VND00521,7,2145,5531103.03,Vendor_0521,Textiles,Tier 2
VND00209,10,2634,5500444.95,Vendor_0209,Chemicals,Tier 3
VND00406,8,1977,5496510.15,Vendor_0406,Machinery,Tier 1
VND00139,6,1335,5486049.38,Vendor_0139,Textiles,Tier 3
VND00322,5,1737,5473300.38,Vendor_0322,Chemicals,Tier 1
VND00762,6,1695,5467172.7,Vendor_0762,Chemicals,Tier 3
VND00037,8,2221,5458832.86,Vendor_0037,Electronics,Tier 3
VND00543,8,2258,5456338.34,Vendor_0543,Chemicals,Tier 3
VND00832,7,1734,5449943.55,Vendor_0832,Packaging,Tier 2
VND00259,5,1469,5448613.22,Vendor_0259,IT Services,Tier 2
VND00984,6,1744,5443701.16,Vendor_0984,Raw Material,Tier 3
VND00345,6,2392,5441369.68,Vendor_0345,Unknown,Tier 3
VND00890,5,1738,5415282.04,Vendor_0890,Packaging,Tier 3
VND00154,6,1619,5410924.61,Vendor_0154,Packaging,Tier 2
VND00998,6,1648,5403914.13,Vendor_0998,IT Services,Tier 3
VND00545,8,2669,5400277.98,Vendor_0545,IT Services,Tier 2
VND00673,7,1986,5385060.88,Vendor_0673,Electronics,Tier 3
VND00058,7,1734,5381582.8,Vendor_0058,Packaging,Tier 3
VND00735,8,1998,5381043.94,Vendor_0735,Raw Material,Tier 3
VND00181,9,2349,5358090.43,Vendor_0181,Textiles,Tier 3
VND00230,9,2763,5353059.99,Vendor_0230,Packaging,Tier 2
VND00501,11,3273,5351278.56,Vendor_0501,Raw Material,Tier 2
VND00750,7,2035,5312350.42,Vendor_0750,Textiles,Tier 2
VND00518,8,2312,5289305.61,Vendor_0518,Textiles,Tier 1
VND00898,7,1932,5258366.51,Vendor_0898,Machinery,Tier 1
VND00302,7,1996,5256846.8,Vendor_0302,Logistics,Tier 2
VND00177,8,2017,5247398.32,Vendor_0177,Textiles,Tier 2
VND00333,9,1555,5244826.96,Vendor_0333,Textiles,Tier 3
VND00191,8,2202,5240794.4,Vendor_0191,Raw Material,Tier 3
VND00359,7,1368,5239984.82,Vendor_0359,IT Services,Tier 1
VND00665,7,2253,5191895.07,Vendor_0665,Machinery,Tier 3
VND00994,7,2213,5175742.33,Vendor_0994,Packaging,Tier 2
VND00029,5,1470,5147511.81,Vendor_0029,Logistics,Tier 2
VND00109,7,1611,5142514.79,Vendor_0109,IT Services,Tier 3
VND00727,8,2331,5138499.89,Vendor_0727,Raw Material,Tier 3
VND00794,8,1841,5118269.72,Vendor_0794,IT Services,Tier 2
VND00330,5,1798,5115896.29,Vendor_0330,Raw Material,Tier 3
VND00179,7,1845,5105278.87,Vendor_0179,IT Services,Tier 1
VND01000,9,1806,5104640.4,Vendor_1000,Chemicals,Tier 2
VND00871,6,1747,5100316.51,Vendor_0871,IT Services,Tier 3
VND00235,6,1678,5099609.71,Vendor_0235,Electronics,Tier 3
VND00607,6,1897,5095809.68,Vendor_0607,Machinery,Tier 3
VND00340,6,1998,5094664.77,Vendor_0340,Textiles,Tier 3
VND00710,6,1663,5081823.83,Vendor_0710,Textiles,Tier 2
VND00841,8,1924,5068990.61,Vendor_0841,IT Services,Tier 3
VND00649,4,1202,5050263.75,Vendor_0649,IT Services,Tier 1
VND00565,6,1710,5049834.48,Vendor_0565,Logistics,Tier 3
VND00935,6,2005,5046473.62,Vendor_0935,Logistics,Tier 3
VND00346,6,1388,5027428.02,Vendor_0346,Textiles,Tier 2
VND00943,4,1232,5024951.74,Vendor_0943,Electronics,Tier 2
VND00653,6,1434,5020619.32,Vendor_0653,Logistics,Tier 2
VND00736,8,2325,5010383.55,Vendor_0736,Unknown,Tier 1
VND00186,9,1706,4982984.5,Vendor_0186,Logistics,Tier 2
VND00016,4,1535,4966926.28,Vendor_0016,Chemicals,Tier 3
VND00730,7,3004,4959812.87,Vendor_0730,Packaging,Tier 3
VND00763,8,1876,4954357.03,Vendor_0763,Machinery,Tier 3
VND00268,8,1878,4931366.33,Vendor_0268,Textiles,Tier 2
VND00165,7,2061,4911632.97,Vendor_0165,Electronics,Tier 3
VND00470,8,2122,4911510.15,Vendor_0470,Chemicals,Tier 1
VND00493,5,1928,4902332.77,Vendor_0493,IT Services,Tier 3
VND00816,9,2132,4898748.19,Vendor_0816,Electronics,Tier 2
VND00366,9,1859,4894087.64,Vendor_0366,Electronics,Tier 3
VND00044,6,1554,4889209.04,Vendor_0044,Packaging,Tier 1
VND00202,7,1477,4887355.59,Vendor_0202,Logistics,Tier 3
VND00467,7,2048,4886453.85,Vendor_0467,Logistics,Tier 3
VND00265,7,2552,4883135.84,Vendor_0265,Raw Material,Tier 1
VND00189,7,2035,4870578.65,Vendor_0189,Chemicals,Tier 2
VND00817,7,1654,4865238.98,Vendor_0817,Electronics,Tier 2
VND00829,9,2447,4834584.89,Vendor_0829,Packaging,Tier 1
VND00116,8,2278,4816648.52,Vendor_0116,Raw Material,Tier 1
VND00905,5,1669,4805955.02,Vendor_0905,Textiles,Tier 3
VND00387,7,2325,4790309.76,Vendor_0387,Textiles,Tier 3
VND00329,5,1609,4772994.91,Vendor_0329,Unknown,Tier 3
VND00975,5,1467,4767488.46,Vendor_0975,Chemicals,Tier 3
VND00516,5,1746,4765848.1,Vendor_0516,Chemicals,Tier 3
VND00135,8,2295,4753519.11,Vendor_0135,Textiles,Tier 1
VND00884,5,1455,4749774.48,Vendor_0884,Chemicals,Tier 3
VND00645,5,1573,4746831.38,Vendor_0645,Electronics,Tier 3
VND00294,10,2347,4746126.39,Vendor_0294,Raw Material,Tier 3
VND00778,6,1831,4729718.92,Vendor_0778,Textiles,Tier 1
VND00782,4,1566,4723757.95,Vendor_0782,Chemicals,Tier 2
VND00674,4,1134,4720936.83,Vendor_0674,IT Services,Tier 2
VND00851,6,1634,4707745.22,Vendor_0851,Chemicals,Tier 3
VND00904,7,2180,4673699.95,Vendor_0904,Logistics,Tier 2
VND00953,5,1838,4670257.96,Vendor_0953,Chemicals,Tier 3
VND00824,4,1202,4665728.86,Vendor_0824,Raw Material,Tier 3
VND00148,7,1976,4660550.98,Vendor_0148,Chemicals,Tier 2
VND00705,8,2325,4656469.88,Vendor_0705,Packaging,Tier 3
VND00474,9,2338,4611343.78,Vendor_0474,Machinery,Tier 1
VND00510,7,1443,4605361.98,Vendor_0510,Electronics,Tier 1
VND00718,5,1669,4604659.42,Vendor_0718,Textiles,Tier 1
VND00057,8,1806,4603350.83,Vendor_0057,Electronics,Tier 3
VND00115,4,1601,4600507.08,Vendor_0115,Chemicals,Unclassified
VND00686,9,2434,4598815.72,Vendor_0686,Unknown,Tier 2
VND00013,5,1588,4598683.57,Vendor_0013,Textiles,Tier 1
VND00373,7,2109,4596625.67,Vendor_0373,Raw Material,Tier 3
VND00544,7,2170,4593170.84,Vendor_0544,Packaging,Tier 2
VND00855,5,1308,4585709.04,Vendor_0855,IT Services,Tier 3
VND00627,8,1880,4585177.86,Vendor_0627,Electronics,Tier 2
VND00852,6,1835,4581268.43,Vendor_0852,Machinery,Tier 1
VND00828,6,1400,4579460.26,Vendor_0828,Textiles,Tier 3
VND00806,5,1920,4559260.82,Vendor_0806,Textiles,Tier 1
VND00062,6,1956,4532470.61,Vendor_0062,Textiles,Tier 3
VND00031,4,1499,4530442.87,Vendor_0031,Raw Material,Unclassified
VND00639,4,1390,4524757.75,Vendor_0639,Logistics,Tier 3
VND00071,5,1557,4505552.57,Vendor_0071,Machinery,Tier 1
VND00313,8,2128,4493518.67,Vendor_0313,Raw Material,Tier 3
VND00034,7,1639,4489521.96,Vendor_0034,Chemicals,Tier 1
VND00452,5,1407,4488683.75,Vendor_0452,Packaging,Tier 2
VND00483,4,1493,4487704.63,Vendor_0483,Raw Material,Tier 2
VND00651,6,1397,4483229.4,Vendor_0651,Machinery,Tier 3
VND00289,4,1180,4483005.94,Vendor_0289,Logistics,Tier 3
VND00540,5,1413,4476863.13,Vendor_0540,Chemicals,Tier 3
VND00272,6,2019,4473980.69,Vendor_0272,Chemicals,Tier 1
VND00605,3,1051,4467194.67,Vendor_0605,Electronics,Unclassified
VND00249,6,1314,4466927.7,Vendor_0249,Raw Material,Tier 1
VND00908,7,1576,4461436.08,Vendor_0908,Textiles,Tier 3
VND00285,8,1691,4460831.08,Vendor_0285,Raw Material,Tier 2
VND00726,8,1974,4458504.74,Vendor_0726,IT Services,Tier 1
VND00541,5,1384,4429990.71,Vendor_0541,Raw Material,Tier 1
VND00156,8,1524,4424344.16,Vendor_0156,Packaging,Tier 3
VND00250,5,1587,4423800.45,Vendor_0250,Electronics,Tier 1
VND00547,9,2196,4414082.01,Vendor_0547,Chemicals,Tier 3
VND00124,7,1541,4411033.09,Vendor_0124,Raw Material,Tier 3
VND00458,5,1370,4410976.3,Vendor_0458,Electronics,Tier 2
VND00311,5,1320,4408044.39,Vendor_0311,Textiles,Tier 2
VND00683,8,2111,4407567.25,Vendor_0683,Chemicals,Tier 3
VND00879,4,1426,4407562.82,Vendor_0879,Electronics,Tier 3
VND00477,6,1799,4406624.46,Vendor_0477,Raw Material,Tier 3
VND00564,6,1271,4403342.3,Vendor_0564,Machinery,Tier 3
VND00168,5,1194,4384870.21,Vendor_0168,Textiles,Tier 3
VND00444,8,2361,4383241.49,Vendor_0444,Logistics,Tier 3
VND00698,8,1737,4382795.39,Vendor_0698,Electronics,Tier 2
VND00495,7,1999,4382098.48,Vendor_0495,Chemicals,Tier 2
VND00595,6,1558,4381201.79,Vendor_0595,Packaging,Tier 1
VND00562,5,1683,4355328.15,Vendor_0562,Raw Material,Tier 3
VND00162,7,2768,4336223.63,Vendor_0162,Unknown,Tier 2
VND00262,6,1593,4335424.8,Vendor_0262,Electronics,Tier 1
VND00610,6,1400,4334496.81,Vendor_0610,IT Services,Tier 2
VND00188,5,1408,4329065.17,Vendor_0188,Raw Material,Tier 2
VND00395,5,1308,4326739.17,Vendor_0395,Packaging,Tier 3
VND00620,6,1197,4319757.79,Vendor_0620,Electronics,Tier 1
VND00641,6,1331,4318982.22,Vendor_0641,Electronics,Tier 3
VND00845,7,1538,4299740.86,Vendor_0845,Raw Material,Tier 3
VND00798,4,1122,4292872.16,Vendor_0798,Packaging,Tier 2
VND00535,5,1234,4283844.89,Vendor_0535,Unknown,Tier 1
VND00781,8,1815,4283714.67,Vendor_0781,Raw Material,Tier 2
VND00494,6,1812,4270078.02,Vendor_0494,Machinery,Tier 3
VND00504,7,1381,4267699.78,Vendor_0504,Textiles,Tier 1
VND00951,5,1453,4251049.99,Vendor_0951,IT Services,Tier 2
VND00575,4,1426,4245121.54,Vendor_0575,IT Services,Tier 1
VND00007,7,1709,4241910.43,Vendor_0007,Raw Material,Tier 3
VND00711,5,1381,4237158.42,Vendor_0711,Raw Material,Tier 1
VND00043,4,1192,4235908.13,Vendor_0043,IT Services,Tier 3
VND00723,6,1524,4223266.12,Vendor_0723,Logistics,Tier 3
VND00022,3,1078,4223217.19,Vendor_0022,Electronics,Tier 3
VND00429,4,1018,4215076.38,Vendor_0429,Textiles,Tier 3
VND00913,11,2227,4202609.53,Vendor_0913,Chemicals,Tier 2
VND00827,6,1346,4186917.86,Vendor_0827,Chemicals,Tier 3
VND00755,5,1234,4184081.08,Vendor_0755,Packaging,Unclassified
VND00448,5,1345,4173834.79,Vendor_0448,Raw Material,Tier 1
VND00440,5,2007,4170604.91,Vendor_0440,Textiles,Tier 3
VND00104,5,1376,4159699.56,Vendor_0104,Logistics,Tier 2
VND00664,4,1269,4141697.53,Vendor_0664,Packaging,Tier 3
VND00859,5,1399,4140970.21,Vendor_0859,Unknown,Tier 2
VND00911,7,1691,4138485.76,Vendor_0911,Electronics,Tier 2
VND00822,5,1466,4136878.01,Vendor_0822,Raw Material,Tier 3
VND00328,6,1573,4130943.34,Vendor_0328,Raw Material,Tier 2
VND00009,9,1434,4118606.41,Vendor_0009,Machinery,Tier 2
VND00261,6,1658,4114360.61,Vendor_0261,Raw Material,Tier 2
VND00307,9,1402,4104552.09,Vendor_0307,Machinery,Tier 2
VND00018,7,1340,4102953.42,Vendor_0018,Chemicals,Tier 2
VND00997,10,1380,4097655.12,Vendor_0997,Electronics,Tier 1
VND00278,6,1951,4086678.38,Vendor_0278,Chemicals,Tier 2
VND00466,6,1498,4079731.94,Vendor_0466,Chemicals,Tier 3
VND00725,6,1388,4074400.1,Vendor_0725,IT Services,Tier 2
VND00590,7,1795,4047610.88,Vendor_0590,Electronics,Tier 3
VND00597,7,1775,4040053.35,Vendor_0597,Raw Material,Tier 2
VND00155,7,1913,4038937.95,Vendor_0155,Textiles,Tier 1
VND00134,5,1811,4016220.99,Vendor_0134,IT Services,Tier 3
VND00542,7,1391,4014477.64,Vendor_0542,IT Services,Tier 2
VND00506,5,1189,4009133.46,Vendor_0506,Electronics,Tier 3
VND00409,6,1347,4005567.8,Vendor_0409,Machinery,Tier 1
VND00955,6,1621,4004911.32,Vendor_0955,Chemicals,Tier 3
VND00205,6,1533,3997964.08,Vendor_0205,Textiles,Tier 2
VND00656,8,1511,3989567.55,Vendor_0656,IT Services,Tier 3
VND00579,5,1292,3982357.36,Vendor_0579,Logistics,Tier 2
VND00616,4,1270,3976383.72,Vendor_0616,Electronics,Tier 1
VND00047,5,1504,3968816.39,Vendor_0047,Logistics,Tier 3
VND00522,7,1602,3966448.97,Vendor_0522,Chemicals,Tier 3
VND00765,8,1356,3966262.63,Vendor_0765,Machinery,Tier 3
VND00427,8,1504,3957255.59,Vendor_0427,Chemicals,Tier 2
VND00353,7,1557,3949919.69,Vendor_0353,Machinery,Tier 2
VND00399,7,1553,3949493.03,Vendor_0399,Textiles,Tier 1
VND00372,8,1597,3949232.72,Vendor_0372,Raw Material,Tier 3
VND00611,5,1230,3938241.02,Vendor_0611,Chemicals,Tier 3
VND00010,5,1070,3936364.27,Vendor_0010,Electronics,Tier 2
VND00754,6,1073,3935995.98,Vendor_0754,IT Services,Tier 3
VND00574,5,1102,3931572.98,Vendor_0574,Chemicals,Tier 2
VND00799,7,1903,3929100.99,Vendor_0799,Electronics,Tier 2
VND00160,4,1255,3925836.21,Vendor_0160,Electronics,Tier 1
VND00838,4,1579,3922806.58,Vendor_0838,IT Services,Tier 3
VND00865,6,1699,3918512.41,Vendor_0865,Machinery,Tier 3
VND00515,5,1239,3918499.23,Vendor_0515,Electronics,Tier 3
VND00326,7,1410,3914740.0,Vendor_0326,Logistics,Tier 1
VND00557,5,1372,3903358.56,Vendor_0557,IT Services,Tier 3
VND00996,6,1117,3890094.47,Vendor_0996,Electronics,Tier 3
VND00400,5,2205,3886075.84,Vendor_0400,IT Services,Tier 1
VND00200,3,1066,3883086.02,Vendor_0200,Textiles,Tier 1
VND00533,5,1193,3882470.97,Vendor_0533,Logistics,Tier 1
VND00461,5,1179,3864548.86,Vendor_0461,IT Services,Tier 3
VND00701,4,1440,3856894.26,Vendor_0701,Textiles,Tier 2
VND00505,4,1036,3851670.89,Vendor_0505,Logistics,Tier 2
VND00712,4,1185,3841133.19,Vendor_0712,IT Services,Tier 2
VND00655,5,1491,3838405.13,Vendor_0655,Machinery,Unclassified
VND00742,6,1549,3837297.3,Vendor_0742,Logistics,Tier 3
VND00703,6,1359,3834703.04,Vendor_0703,Chemicals,Tier 3
VND00264,8,1561,3826581.02,Vendor_0264,Packaging,Tier 2
VND00284,5,1160,3821430.87,Vendor_0284,Textiles,Tier 3
VND00999,6,1162,3813014.05,Vendor_0999,IT Services,Tier 1
VND00985,5,1845,3812545.31,Vendor_0985,Packaging,Tier 1
VND00275,8,1933,3812417.09,Vendor_0275,Logistics,Tier 2
VND00147,5,1140,3811274.62,Vendor_0147,Textiles,Tier 2
VND00222,5,1669,3808994.94,Vendor_0222,Logistics,Tier 2
VND00830,5,1333,3807308.12,Vendor_0830,Logistics,Tier 2
VND00068,5,1137,3800287.16,Vendor_0068,Machinery,Tier 1
VND00602,5,1445,3799688.37,Vendor_0602,Machinery,Tier 3
VND00858,5,1348,3794466.57,Vendor_0858,Textiles,Tier 2
VND00769,5,1430,3793105.18,Vendor_0769,IT Services,Tier 3
VND00004,4,1015,3789354.45,Vendor_0004,Chemicals,Tier 2
VND00694,6,1397,3786116.49,Vendor_0694,Machinery,Tier 3
VND00642,5,1281,3775884.39,Vendor_0642,Packaging,Tier 3
VND00944,5,1290,3758689.98,Vendor_0944,IT Services,Tier 1
VND00379,6,1308,3749133.63,Vendor_0379,Logistics,Tier 1
VND00374,5,1269,3745602.76,Vendor_0374,Logistics,Tier 2
VND00706,4,1429,3739287.28,Vendor_0706,Chemicals,Tier 1
VND00224,5,1022,3732704.97,Vendor_0224,Packaging,Tier 3
VND00937,4,1599,3726117.56,Vendor_0937,Textiles,Tier 3
VND00788,6,1560,3719125.59,Vendor_0788,Raw Material,Tier 3
VND00252,4,1447,3713356.17,Vendor_0252,Machinery,Tier 3
VND00354,5,998,3706400.6,Vendor_0354,Logistics,Tier 3
VND00638,7,1945,3699670.04,Vendor_0638,Logistics,Tier 3
VND00886,5,1158,3698870.27,Vendor_0886,Unknown,Tier 3
VND00681,6,1358,3694819.15,Vendor_0681,Raw Material,Tier 1
VND00437,6,1382,3687615.44,Vendor_0437,Raw Material,Tier 3
VND00376,5,1643,3681625.43,Vendor_0376,Electronics,Tier 3
VND00738,6,1100,3680487.89,Vendor_0738,Machinery,Tier 1
VND00950,5,1522,3635422.28,Vendor_0950,IT Services,Tier 2
VND00375,5,1297,3630489.91,Vendor_0375,IT Services,Tier 3
VND00843,7,1162,3629593.46,Vendor_0843,IT Services,Tier 3
VND00026,6,1440,3625074.08,Vendor_0026,IT Services,Unclassified
VND00889,6,1323,3618912.66,Vendor_0889,Textiles,Tier 3
VND00132,8,1556,3603774.52,Vendor_0132,IT Services,Tier 3
VND00983,7,1126,3601425.12,Vendor_0983,Electronics,Tier 3
VND00368,5,1512,3595866.49,Vendor_0368,Machinery,Tier 1
VND00082,4,1272,3592517.65,Vendor_0082,Chemicals,Tier 2
VND00166,5,1033,3587926.41,Vendor_0166,Logistics,Tier 1
VND00385,5,1453,3586711.17,Vendor_0385,Raw Material,Tier 1
VND00101,9,1873,3586079.09,Vendor_0101,Packaging,Tier 3
VND00459,8,2002,3578672.39,Vendor_0459,Textiles,Tier 3
VND00102,7,1411,3573958.49,Vendor_0102,Machinery,Tier 2
VND00315,4,1055,3569878.93,Vendor_0315,Machinery,Tier 1
VND00355,7,1434,3564114.82,Vendor_0355,Textiles,Tier 3
VND00019,5,1357,3563893.21,Vendor_0019,Chemicals,Tier 2
VND00416,6,1574,3543094.8,Vendor_0416,Chemicals,Tier 2
VND00722,8,1706,3540612.53,Vendor_0722,Raw Material,Tier 3
VND00360,5,1567,3530438.88,Vendor_0360,Logistics,Tier 2
VND00869,4,1345,3504999.81,Vendor_0869,Raw Material,Tier 1
VND00382,3,908,3493234.32,Vendor_0382,Textiles,Tier 2
VND00251,6,1367,3490875.25,Vendor_0251,Textiles,Unclassified
VND00122,5,1421,3490770.12,Vendor_0122,Logistics,Tier 1
VND00463,3,945,3478035.42,Vendor_0463,Raw Material,Tier 1
VND00492,4,1196,3476443.13,Vendor_0492,Logistics,Tier 2
VND00652,5,1556,3476377.28,Vendor_0652,Raw Material,Tier 2
VND00931,5,911,3469664.29,Vendor_0931,Machinery,Tier 3
VND00697,5,1196,3466630.91,Vendor_0697,IT Services,Tier 3
VND00820,5,1541,3465601.41,Vendor_0820,Machinery,Tier 3
VND00418,6,1568,3457163.96,Vendor_0418,Packaging,Tier 3
VND00100,5,992,3431576.13,Vendor_0100,IT Services,Tier 3
VND00644,3,843,3427610.28,Vendor_0644,Packaging,Tier 3
VND00648,6,1477,3373243.96,Vendor_0648,Textiles,Tier 2
VND00193,6,1246,3371287.29,Vendor_0193,Unknown,Tier 1
VND00159,5,1019,3364551.13,Vendor_0159,Logistics,Tier 3
VND00954,5,1157,3353807.55,Vendor_0954,Electronics,Tier 1
VND00240,9,1967,3348555.39,Vendor_0240,Packaging,Tier 3
VND00396,5,1410,3338475.31,Vendor_0396,IT Services,Tier 1
VND00756,4,1030,3336872.62,Vendor_0756,Textiles,Tier 1
VND00426,3,796,3335504.2,Vendor_0426,Textiles,Tier 2
VND00992,5,1453,3332088.97,Vendor_0992,Machinery,Tier 2
VND00606,5,1297,3330495.69,Vendor_0606,Raw Material,Tier 2
VND00986,5,1510,3330366.35,Vendor_0986,Raw Material,Tier 2
VND00811,3,1004,3328015.21,Vendor_0811,Logistics,Tier 1
VND00835,6,1337,3326699.78,Vendor_0835,Electronics,Tier 2
VND00661,6,1130,3326267.53,Vendor_0661,Textiles,Tier 3
VND00559,3,1052,3322197.01,Vendor_0559,IT Services,Unclassified
VND00086,5,877,3319691.81,Vendor_0086,IT Services,Tier 3
VND00078,3,1083,3300620.47,Vendor_0078,Electronics,Tier 3
VND00256,3,976,3296841.08,Vendor_0256,Packaging,Tier 2
VND00269,6,1170,3294312.86,Vendor_0269,Unknown,Tier 3
VND00968,5,1240,3293804.27,Vendor_0968,Logistics,Tier 3
VND00692,4,1133,3292527.21,Vendor_0692,IT Services,Tier 3
VND00174,6,848,3290526.7,Vendor_0174,Packaging,Tier 3
VND00777,2,953,3285613.97,Vendor_0777,Logistics,Tier 3
VND00041,7,1676,3285552.96,Vendor_0041,IT Services,Tier 3
VND00413,5,1941,3285236.5,Vendor_0413,Logistics,Tier 1
VND00105,5,1004,3282828.14,Vendor_0105,Logistics,Unclassified
VND00207,4,1125,3280826.38,Vendor_0207,Machinery,Tier 3
VND00568,6,1149,3279132.03,Vendor_0568,Machinery,Tier 2
VND00747,6,1254,3271684.55,Vendor_0747,IT Services,Tier 3
VND00040,6,1282,3270112.64,Vendor_0040,Unknown,Tier 2
VND00613,8,1517,3261112.9,Vendor_0613,Raw Material,Tier 2
VND00667,5,1416,3258605.05,Vendor_0667,Electronics,Tier 3
VND00660,4,1056,3256198.33,Vendor_0660,Logistics,Tier 2
VND00573,4,1147,3250750.37,Vendor_0573,Chemicals,Tier 3
VND00296,5,1813,3236517.75,Vendor_0296,Logistics,Tier 2
VND00657,7,1774,3235611.22,Vendor_0657,Electronics,Tier 3
VND00119,6,1572,3232831.32,Vendor_0119,Raw Material,Tier 1
VND00786,7,1109,3232484.41,Vendor_0786,Packaging,Tier 1
VND00716,7,1698,3232215.88,Vendor_0716,Chemicals,Tier 1
VND00338,5,1216,3225098.35,Vendor_0338,Machinery,Tier 2
VND00369,6,1470,3220728.28,Vendor_0369,Logistics,Tier 3
VND00091,8,1822,3218105.38,Vendor_0091,Logistics,Tier 3
VND00304,7,1366,3217232.9,Vendor_0304,Logistics,Tier 2
VND00760,5,1202,3208721.49,Vendor_0760,Machinery,Unclassified
VND00411,3,943,3199525.54,Vendor_0411,Electronics,Tier 3
VND00784,8,1949,3198978.08,Vendor_0784,Textiles,Tier 3
VND00699,5,1381,3198480.44,Vendor_0699,IT Services,Tier 3
VND00012,5,1130,3193299.03,Vendor_0012,Electronics,Tier 1
VND00776,4,1190,3125327.92,Vendor_0776,Logistics,Tier 3
VND00964,6,1905,3120643.11,Vendor_0964,Logistics,Tier 3
VND00113,6,1271,3111949.12,Vendor_0113,Logistics,Tier 1
VND00888,3,1295,3109855.39,Vendor_0888,Chemicals,Tier 3
VND00457,6,1140,3102129.38,Vendor_0457,Raw Material,Tier 3
VND00036,5,1263,3098331.49,Vendor_0036,Machinery,Tier 1
VND00131,4,1378,3097398.1,Vendor_0131,Packaging,Tier 3
VND00103,3,893,3096657.02,Vendor_0103,Textiles,Tier 3
VND00854,8,1969,3095709.98,Vendor_0854,Machinery,Tier 1
VND00480,7,1329,3080779.29,Vendor_0480,Logistics,Tier 2
VND00063,6,1338,3080394.15,Vendor_0063,Textiles,Tier 1
VND00958,5,755,3053766.18,Vendor_0958,Textiles,Tier 3
VND00524,7,1785,3048536.18,Vendor_0524,Packaging,Tier 1
VND00234,4,1190,3045570.08,Vendor_0234,Machinery,Tier 2
VND00072,9,2497,3042861.6,Vendor_0072,Textiles,Tier 3
VND00339,4,753,3037750.2,Vendor_0339,Machinery,Tier 2
VND00647,3,990,3034872.26,Vendor_0647,Raw Material,Tier 2
VND00088,6,1643,3027554.09,Vendor_0088,Electronics,Tier 2
VND00276,5,678,3024875.71,Vendor_0276,Unknown,Tier 2
VND00490,5,1188,3023537.95,Vendor_0490,IT Services,Tier 1
VND00517,5,1210,3016327.5,Vendor_0517,Raw Material,Tier 3
VND00923,3,1039,3015998.36,Vendor_0923,Electronics,Tier 1
VND00846,6,1154,3011727.72,Vendor_0846,IT Services,Tier 3
VND00111,5,1085,3008543.81,Vendor_0111,Electronics,Tier 3
VND00055,4,1192,3002556.99,Vendor_0055,Electronics,Tier 2
VND00779,4,1179,3002178.59,Vendor_0779,Logistics,Tier 1
VND00032,6,1228,2999843.18,Vendor_0032,Logistics,Tier 3
VND00650,4,898,2998831.92,Vendor_0650,IT Services,Tier 2
VND00140,2,701,2994265.55,Vendor_0140,Chemicals,Tier 1
VND00073,6,1812,2992779.27,Vendor_0073,Packaging,Tier 3
VND00552,5,1683,2991008.94,Vendor_0552,Unknown,Tier 1
VND00894,4,1365,2985491.24,Vendor_0894,Machinery,Tier 3
VND00318,5,1327,2971521.61,Vendor_0318,Raw Material,Tier 3
VND00238,5,1088,2970556.47,Vendor_0238,Electronics,Tier 3
VND00447,5,1071,2957651.25,Vendor_0447,IT Services,Tier 1
VND00783,5,1376,2952373.95,Vendor_0783,IT Services,Tier 3
VND00042,3,848,2947444.15,Vendor_0042,Textiles,Tier 2
VND00472,2,768,2937716.37,Vendor_0472,Machinery,Tier 1
VND00534,6,1991,2936118.04,Vendor_0534,Electronics,Tier 2
VND00456,3,866,2927691.15,Vendor_0456,Textiles,Tier 2
VND00060,6,1535,2924687.33,Vendor_0060,Textiles,Tier 3
VND00280,5,1652,2914692.34,Vendor_0280,Packaging,Tier 1
VND00356,5,1348,2911240.08,Vendor_0356,Chemicals,Tier 2
VND00305,8,1430,2909147.22,Vendor_0305,Textiles,Tier 1
VND00891,5,1751,2905097.07,Vendor_0891,Unknown,Tier 1
VND00946,6,1552,2898301.92,Vendor_0946,Machinery,Tier 3
VND00900,6,1315,2892102.78,Vendor_0900,Electronics,Tier 3
VND00107,5,1169,2891945.34,Vendor_0107,Textiles,Tier 3
VND00203,5,1343,2886487.39,Vendor_0203,Raw Material,Tier 3
VND00940,5,1214,2885584.34,Vendor_0940,Textiles,Tier 2
VND00956,6,1520,2880273.1,Vendor_0956,Chemicals,Tier 3
VND00433,5,1184,2876532.09,Vendor_0433,Textiles,Unclassified
VND00498,4,808,2874372.3,Vendor_0498,Packaging,Tier 3
VND00241,5,1366,2871828.2,Vendor_0241,Machinery,Tier 1
VND00211,7,1540,2869273.7,Vendor_0211,Machinery,Tier 2
VND00180,3,1129,2865034.85,Vendor_0180,Machinery,Tier 3
VND00509,4,1043,2862099.64,Vendor_0509,Machinery,Tier 1
VND00006,3,873,2861714.75,Vendor_0006,Electronics,Tier 3
VND00615,6,1348,2857042.98,Vendor_0615,IT Services,Tier 1
VND00070,8,1884,2850631.08,Vendor_0070,Electronics,Tier 1
VND00061,5,1146,2849492.97,Vendor_0061,Electronics,Tier 3
VND00772,4,1246,2847968.42,Vendor_0772,Chemicals,Tier 1
VND00223,4,891,2841968.89,Vendor_0223,Machinery,Tier 3
VND00549,4,1248,2840007.59,Vendor_0549,Chemicals,Tier 2
VND00445,4,1104,2831596.74,Vendor_0445,Machinery,Tier 1
VND00266,4,823,2826587.51,Vendor_0266,Chemicals,Tier 1
VND00936,5,1150,2825613.17,Vendor_0936,Packaging,Tier 3
VND00169,5,1221,2820441.67,Vendor_0169,IT Services,Tier 3
VND00299,5,1636,2816567.0,Vendor_0299,Chemicals,Tier 2
VND00785,5,791,2811562.5,Vendor_0785,Textiles,Tier 3
VND00196,2,748,2805597.84,Vendor_0196,Packaging,Tier 3
VND00281,3,733,2800608.24,Vendor_0281,Unknown,Tier 1
VND00948,4,1244,2800385.02,Vendor_0948,Chemicals,Tier 1
VND00600,6,1315,2786137.59,Vendor_0600,Raw Material,Tier 3
VND00635,7,1132,2784817.59,Vendor_0635,Machinery,Tier 3
VND00106,4,864,2784494.41,Vendor_0106,Unknown,Tier 3
VND00206,5,1151,2783229.32,Vendor_0206,Unknown,Tier 3
VND00796,5,958,2774190.38,Vendor_0796,Packaging,Tier 1
VND00194,5,1413,2773137.38,Vendor_0194,Raw Material,Tier 2
VND00813,4,1042,2771599.41,Vendor_0813,Logistics,Tier 3
VND00963,5,1061,2768330.88,Vendor_0963,Electronics,Tier 3
VND00825,2,669,2764031.07,Vendor_0825,Machinery,Tier 2
VND00809,7,1202,2760693.92,Vendor_0809,Raw Material,Tier 2
VND00570,6,1351,2760352.23,Vendor_0570,IT Services,Tier 3
VND00094,4,1343,2760348.8,Vendor_0094,Electronics,Tier 2
VND00133,6,1553,2755349.89,Vendor_0133,Logistics,Tier 3
VND00833,4,1087,2750527.35,Vendor_0833,Packaging,Tier 3
VND00658,5,1523,2749517.5,Vendor_0658,Logistics,Tier 3
VND00938,3,960,2747127.38,Vendor_0938,IT Services,Tier 1
VND00421,7,1128,2743846.63,Vendor_0421,Textiles,Tier 1
VND00487,5,932,2741794.19,Vendor_0487,Packaging,Tier 3
VND00880,4,748,2740145.81,Vendor_0880,Unknown,Tier 3
VND00787,4,981,2738521.04,Vendor_0787,IT Services,Tier 2
VND00332,2,854,2736555.58,Vendor_0332,Chemicals,Tier 1
VND00128,6,1008,2736305.33,Vendor_0128,Machinery,Tier 1
VND00792,4,780,2718094.94,Vendor_0792,IT Services,Tier 2
VND00050,7,1315,2716355.94,Vendor_0050,Textiles,Tier 3
VND00745,6,1093,2712288.22,Vendor_0745,Electronics,Tier 3
VND00312,4,1246,2711505.72,Vendor_0312,Chemicals,Tier 3
VND00397,3,604,2708945.63,Vendor_0397,Chemicals,Tier 1
VND00933,4,950,2703079.78,Vendor_0933,Electronics,Tier 1
VND00881,5,1053,2699545.19,Vendor_0881,Machinery,Tier 3
VND00208,8,1304,2692024.61,Vendor_0208,Logistics,Tier 2
VND00130,5,1749,2687608.5,Vendor_0130,Logistics,Tier 2
VND00708,2,676,2685333.42,Vendor_0708,IT Services,Tier 1
VND00965,4,918,2684129.82,Vendor_0965,Raw Material,Tier 3
VND00045,4,1084,2682899.24,Vendor_0045,Machinery,Tier 3
VND00526,3,1154,2671612.78,Vendor_0526,Packaging,Tier 2
VND00432,10,1414,2669931.9,Vendor_0432,Textiles,Tier 1
VND00578,5,1501,2669870.26,Vendor_0578,Machinery,Tier 1
VND00496,5,832,2663283.24,Vendor_0496,Packaging,Tier 3
VND00081,7,2319,2660882.67,Vendor_0081,Packaging,Tier 1
VND00971,3,758,2660267.03,Vendor_0971,Electronics,Tier 2
VND00462,2,698,2658894.28,Vendor_0462,Packaging,Tier 2
VND00980,3,980,2654698.21,Vendor_0980,Packaging,Tier 2
VND00468,3,980,2651198.9,Vendor_0468,IT Services,Tier 1
VND00320,6,928,2650351.0,Vendor_0320,Textiles,Tier 3
VND00834,6,1315,2643530.95,Vendor_0834,Packaging,Tier 3
VND00171,5,1013,2643336.93,Vendor_0171,Logistics,Tier 2
VND00074,5,935,2641071.76,Vendor_0074,IT Services,Tier 1
VND00560,5,1042,2633162.25,Vendor_0560,IT Services,Tier 2
VND00117,4,876,2627961.9,Vendor_0117,Logistics,Tier 1
VND00473,5,911,2623780.23,Vendor_0473,Unknown,Tier 3
VND00293,4,848,2622047.11,Vendor_0293,Textiles,Tier 1
VND00974,4,995,2616048.12,Vendor_0974,Logistics,Tier 3
VND00767,7,1453,2614893.67,Vendor_0767,IT Services,Tier 1
VND00659,5,882,2606482.4,Vendor_0659,Machinery,Tier 2
VND00856,4,897,2605606.46,Vendor_0856,Machinery,Tier 3
VND00939,3,765,2588170.04,Vendor_0939,Chemicals,Tier 3
VND00558,4,826,2587065.4,Vendor_0558,Logistics,Tier 3
VND00826,4,789,2579847.83,Vendor_0826,Chemicals,Tier 1
VND00536,7,1452,2578827.68,Vendor_0536,IT Services,Tier 1
VND00700,6,878,2576705.59,Vendor_0700,Chemicals,Tier 2
VND00837,7,1653,2575036.02,Vendor_0837,Logistics,Tier 1
VND00357,4,953,2573316.5,Vendor_0357,IT Services,Tier 3
VND00069,5,1194,2569941.52,Vendor_0069,Chemicals,Tier 3
VND00380,5,1704,2568871.11,Vendor_0380,Textiles,Tier 3
VND00170,5,960,2562293.57,Vendor_0170,IT Services,Tier 2
VND00758,2,904,2555473.37,Vendor_0758,Packaging,Tier 2
VND00977,4,843,2548293.51,Vendor_0977,Raw Material,Tier 2
VND00804,4,823,2546588.42,Vendor_0804,Electronics,Tier 2
VND00663,4,1007,2544103.51,Vendor_0663,Logistics,Tier 2
VND00583,3,838,2539445.85,Vendor_0583,Electronics,Tier 2
VND00152,3,632,2539262.25,Vendor_0152,Logistics,Tier 3
VND00114,4,1139,2536298.88,Vendor_0114,Electronics,Tier 1
VND00142,4,1501,2530998.55,Vendor_0142,Textiles,Tier 3
VND00932,7,1909,2530655.18,Vendor_0932,IT Services,Tier 1
VND00912,4,941,2517459.76,Vendor_0912,IT Services,Tier 3
VND00337,2,808,2513304.38,Vendor_0337,Electronics,Tier 1
VND00248,3,931,2511431.92,Vendor_0248,Machinery,Tier 1
VND00021,3,897,2508874.03,Vendor_0021,Machinery,Tier 2
VND00023,7,1096,2505057.97,Vendor_0023,Packaging,Tier 3
VND00539,6,1286,2495897.5,Vendor_0539,Textiles,Tier 2
VND00364,2,521,2493889.94,Vendor_0364,Machinery,Tier 2
VND00079,4,752,2491186.64,Vendor_0079,Machinery,Tier 3
VND00392,6,1595,2490476.14,Vendor_0392,Logistics,Tier 3
VND00435,5,1354,2481396.04,Vendor_0435,Textiles,Tier 3
VND00321,5,966,2476378.37,Vendor_0321,Chemicals,Tier 2
VND00709,4,1151,2472563.05,Vendor_0709,Machinery,Tier 3
VND00386,7,1517,2472119.71,Vendor_0386,Electronics,Tier 1
VND00551,6,900,2462035.41,Vendor_0551,Machinery,Tier 2
VND00127,4,1080,2461524.05,Vendor_0127,Logistics,Tier 1
VND00083,4,1045,2460762.04,Vendor_0083,Packaging,Tier 3
VND00428,4,744,2460577.59,Vendor_0428,IT Services,Tier 1
VND00815,4,852,2458660.6,Vendor_0815,Textiles,Tier 1
VND00348,4,1040,2451399.6,Vendor_0348,Packaging,Tier 3
VND00030,4,816,2439057.44,Vendor_0030,Chemicals,Tier 3
VND00768,4,1170,2432127.72,Vendor_0768,Packaging,Tier 1
VND00688,3,832,2429398.21,Vendor_0688,Raw Material,Tier 3
VND00242,3,720,2427254.36,Vendor_0242,Machinery,Tier 1
VND00896,4,807,2427092.59,Vendor_0896,Machinery,Tier 3
VND00538,3,1379,2423191.65,Vendor_0538,IT Services,Tier 3
VND00290,5,1085,2418047.97,Vendor_0290,Machinery,Tier 2
VND00067,5,1311,2396075.31,Vendor_0067,Electronics,Tier 3
VND00914,4,1339,2394539.42,Vendor_0914,Machinery,Unclassified
VND00028,4,671,2392465.22,Vendor_0028,Machinery,Tier 2
VND00734,5,992,2371530.53,Vendor_0734,Electronics,Tier 2
VND00349,6,1009,2370240.67,Vendor_0349,Machinery,Tier 3
VND00033,4,1142,2369729.54,Vendor_0033,Raw Material,Unclassified
VND00847,3,823,2369039.24,Vendor_0847,Machinery,Tier 3
VND00343,6,1019,2365271.29,Vendor_0343,Machinery,Tier 3
VND00210,7,1849,2358792.13,Vendor_0210,Logistics,Tier 3
VND00182,6,1859,2354104.08,Vendor_0182,IT Services,Tier 3
VND00840,7,1360,2349925.66,Vendor_0840,Logistics,Tier 2
VND00425,4,853,2349124.29,Vendor_0425,Textiles,Tier 3
VND00066,2,601,2347829.53,Vendor_0066,Raw Material,Tier 2
VND00402,5,1164,2343875.86,Vendor_0402,IT Services,Tier 1
VND00863,5,1274,2338902.64,Vendor_0863,Chemicals,Tier 2
VND00548,4,761,2338726.37,Vendor_0548,Machinery,Tier 2
VND00860,5,923,2338102.85,Vendor_0860,Electronics,Tier 3
VND00391,3,1132,2327745.56,Vendor_0391,Raw Material,Tier 1
VND00810,6,1468,2322862.18,Vendor_0810,Electronics,Tier 3
VND00926,3,661,2322691.02,Vendor_0926,Textiles,Tier 3
VND00757,5,1166,2316606.81,Vendor_0757,Logistics,Tier 2
VND00403,5,1324,2315657.34,Vendor_0403,IT Services,Tier 2
VND00507,3,971,2314097.98,Vendor_0507,Logistics,Tier 1
VND00895,7,1835,2300570.12,Vendor_0895,Packaging,Tier 2
VND00976,3,931,2294099.49,Vendor_0976,Packaging,Tier 3
VND00049,3,935,2283291.24,Vendor_0049,Textiles,Tier 2
VND00707,4,750,2280936.78,Vendor_0707,Textiles,Tier 3
VND00873,4,757,2280902.42,Vendor_0873,Logistics,Tier 2
VND00577,4,858,2278016.6,Vendor_0577,Machinery,Tier 3
VND00530,7,1108,2275503.16,Vendor_0530,Textiles,Tier 1
VND00563,4,767,2265145.15,Vendor_0563,Electronics,Tier 3
VND00982,4,829,2259042.91,Vendor_0982,Packaging,Tier 1
VND00213,4,966,2257169.28,Vendor_0213,Packaging,Tier 2
VND00076,4,780,2255537.61,Vendor_0076,Machinery,Tier 1
VND00618,6,751,2254601.34,Vendor_0618,Textiles,Tier 3
VND00404,8,1102,2253462.82,Vendor_0404,Machinery,Tier 1
VND00485,4,1322,2250571.24,Vendor_0485,Logistics,Tier 2
VND00719,5,778,2242721.66,Vendor_0719,Raw Material,Tier 3
VND00717,3,1043,2242552.06,Vendor_0717,Electronics,Tier 1
VND00001,3,1042,2238269.1,Vendor_0001,Unknown,Tier 3
VND00892,7,725,2236498.12,Vendor_0892,Packaging,Tier 1
VND00120,4,1286,2235175.17,Vendor_0120,Electronics,Tier 2
VND00415,3,1107,2232795.57,Vendor_0415,Chemicals,Tier 2
VND00868,3,691,2230558.21,Vendor_0868,Machinery,Tier 3
VND00314,6,1944,2228646.88,Vendor_0314,Electronics,Tier 1
VND00721,4,855,2223218.17,Vendor_0721,Unknown,Tier 1
VND00671,4,502,2221525.02,Vendor_0671,Machinery,Tier 3
VND00263,4,734,2218894.08,Vendor_0263,Electronics,Tier 3
VND00842,2,665,2213491.35,Vendor_0842,Machinery,Tier 2
VND00245,3,701,2211199.38,Vendor_0245,Logistics,Tier 3
VND00702,8,1646,2210040.7,Vendor_0702,Chemicals,Tier 3
VND00344,5,1432,2201051.32,Vendor_0344,Packaging,Tier 2
VND00972,4,665,2200831.2,Vendor_0972,Logistics,Tier 1
VND00731,5,1175,2200075.3,Vendor_0731,Machinery,Tier 3
VND00151,3,722,2197045.65,Vendor_0151,Logistics,Tier 1
VND00085,3,513,2195591.22,Vendor_0085,Chemicals,Tier 3
VND00513,4,1016,2193289.06,Vendor_0513,Textiles,Tier 1
VND00287,7,1332,2189256.41,Vendor_0287,Chemicals,Tier 2
VND00150,3,584,2186928.2,Vendor_0150,Logistics,Tier 3
VND00217,5,1161,2182720.61,Vendor_0217,Electronics,Tier 3
VND00190,6,1567,2179702.12,Vendor_0190,Raw Material,Tier 3
VND00465,6,915,2171472.97,Vendor_0465,Textiles,Tier 1
VND00450,2,690,2168667.4,Vendor_0450,Chemicals,Tier 3
VND00623,6,1079,2157263.89,Vendor_0623,Packaging,Tier 3
VND00906,4,1018,2143278.33,Vendor_0906,Chemicals,Tier 1
VND00460,5,1573,2143060.63,Vendor_0460,Packaging,Tier 3
VND00436,4,1078,2137184.4,Vendor_0436,IT Services,Tier 2
VND00383,6,1315,2136235.52,Vendor_0383,Logistics,Tier 2
VND00481,1,464,2129940.96,Vendor_0481,Electronics,Tier 2
VND00629,2,546,2127937.46,Vendor_0629,Logistics,Tier 3
VND00301,3,999,2118337.08,Vendor_0301,Logistics,Tier 3
VND00853,7,1012,2117141.48,Vendor_0853,Textiles,Tier 3
VND00587,1,444,2114390.16,Vendor_0587,IT Services,Tier 3
VND00500,5,664,2111805.66,Vendor_0500,Electronics,Tier 1
VND00621,5,665,2109132.8,Vendor_0621,Unknown,Tier 3
VND00176,4,927,2105610.45,Vendor_0176,Raw Material,Tier 3
VND00934,3,669,2100404.6,Vendor_0934,Electronics,Tier 2
VND00080,4,558,2099717.04,Vendor_0080,Logistics,Tier 3
VND00589,5,1046,2099658.15,Vendor_0589,Machinery,Tier 3
VND00925,5,1019,2095660.59,Vendor_0925,Machinery,Tier 3
VND00136,4,1232,2094258.83,Vendor_0136,Logistics,Tier 3
VND00960,4,1555,2079528.89,Vendor_0960,Logistics,Tier 1
VND00808,2,569,2078571.55,Vendor_0808,IT Services,Tier 1
VND00297,6,1105,2074885.65,Vendor_0297,Logistics,Tier 1
VND00361,6,818,2071194.82,Vendor_0361,IT Services,Tier 3
VND00097,5,529,2065948.01,Vendor_0097,Electronics,Tier 2
VND00978,4,1108,2064668.98,Vendor_0978,Machinery,Tier 3
VND00488,1,444,2063729.76,Vendor_0488,Logistics,Tier 3
VND00167,6,1418,2063611.88,Vendor_0167,Packaging,Tier 3
VND00927,3,958,2063518.01,Vendor_0927,Electronics,Tier 3
VND00163,3,555,2063284.22,Vendor_0163,Raw Material,Tier 2
VND00899,4,912,2060913.34,Vendor_0899,Chemicals,Tier 3
VND00310,2,539,2055525.92,Vendor_0310,Chemicals,Tier 3
VND00246,5,1583,2043620.02,Vendor_0246,Machinery,Tier 1
VND00770,1,428,2039942.16,Vendor_0770,IT Services,Tier 1
VND00608,2,476,2031670.76,Vendor_0608,IT Services,Tier 3
VND00478,7,1240,2025509.56,Vendor_0478,Raw Material,Tier 2
VND00199,7,1537,2017001.01,Vendor_0199,Logistics,Tier 1
VND00035,6,1340,2005919.05,Vendor_0035,Textiles,Tier 1
VND00797,8,1245,2003395.45,Vendor_0797,Textiles,Tier 1
VND00556,5,504,1983141.88,Vendor_0556,Textiles,Tier 3
VND00599,5,1529,1982119.28,Vendor_0599,Machinery,Tier 3
VND00161,7,1656,1980668.31,Vendor_0161,IT Services,Tier 3
VND00690,2,564,1970807.9,Vendor_0690,Raw Material,Tier 3
VND00929,2,741,1966280.17,Vendor_0929,Raw Material,Tier 2
VND00793,4,605,1965436.07,Vendor_0793,Electronics,Tier 2
VND00233,4,774,1948605.46,Vendor_0233,Raw Material,Tier 2
VND00988,3,848,1940827.92,Vendor_0988,Logistics,Tier 2
VND00484,2,690,1932651.18,Vendor_0484,Logistics,Tier 2
VND00201,2,423,1932241.49,Vendor_0201,Electronics,Tier 2
VND00228,4,785,1924312.35,Vendor_0228,Chemicals,Tier 3
VND00819,5,977,1919402.08,Vendor_0819,Packaging,Tier 3
VND00973,3,1003,1912898.67,Vendor_0973,Logistics,Tier 1
VND00531,4,1204,1912861.7,Vendor_0531,Machinery,Tier 1
VND00491,2,687,1912628.45,Vendor_0491,Electronics,Tier 2
VND00598,3,607,1902978.81,Vendor_0598,Packaging,Tier 3
VND00728,5,1148,1893145.35,Vendor_0728,Logistics,Tier 1
VND00646,2,769,1877844.24,Vendor_0646,Packaging,Tier 1
VND00126,4,921,1875855.4,Vendor_0126,Electronics,Tier 3
VND00291,6,955,1871497.62,Vendor_0291,Packaging,Tier 3
VND00682,7,1008,1865765.24,Vendor_0682,Textiles,Tier 3
VND00678,2,770,1863867.72,Vendor_0678,IT Services,Tier 3
VND00814,7,1711,1861387.71,Vendor_0814,Electronics,Tier 1
VND00687,3,529,1860202.76,Vendor_0687,Logistics,Tier 2
VND00612,6,927,1855910.97,Vendor_0612,Packaging,Tier 1
VND00993,3,731,1849766.59,Vendor_0993,Raw Material,Tier 3
VND00979,2,454,1835635.67,Vendor_0979,Packaging,Tier 2
VND00282,4,1366,1831250.58,Vendor_0282,Packaging,Unclassified
VND00446,6,1173,1826984.84,Vendor_0446,Textiles,Tier 1
VND00872,3,1160,1815587.0,Vendor_0872,Machinery,Tier 3
VND00253,4,514,1811237.9,Vendor_0253,Raw Material,Tier 1
VND00662,3,542,1806819.36,Vendor_0662,Electronics,Tier 1
VND00909,5,1858,1806036.18,Vendor_0909,Raw Material,Tier 3
VND00334,4,692,1805886.03,Vendor_0334,Electronics,Tier 3
VND00805,6,998,1803820.44,Vendor_0805,Chemicals,Tier 3
VND00145,3,590,1784528.12,Vendor_0145,Electronics,Tier 3
VND00812,5,772,1784349.31,Vendor_0812,Machinery,Tier 1
VND00857,2,638,1781388.26,Vendor_0857,Logistics,Tier 3
VND00236,4,1160,1781206.31,Vendor_0236,Packaging,Tier 1
VND00173,4,678,1777459.81,Vendor_0173,Raw Material,Tier 2
VND00920,2,632,1773175.43,Vendor_0920,Raw Material,Tier 3
VND00381,4,699,1765723.16,Vendor_0381,IT Services,Tier 3
VND00371,3,636,1765361.19,Vendor_0371,Packaging,Tier 3
VND00342,4,804,1750648.23,Vendor_0342,Textiles,Tier 2
VND00554,4,1017,1750303.12,Vendor_0554,Electronics,Tier 2
VND00121,3,667,1745616.45,Vendor_0121,Raw Material,Tier 1
VND00221,6,1281,1743336.32,Vendor_0221,Electronics,Tier 2
VND00414,6,1474,1736532.54,Vendor_0414,Machinery,Tier 2
VND00469,5,1537,1727473.03,Vendor_0469,Chemicals,Tier 3
VND00503,4,1076,1713826.44,Vendor_0503,Textiles,Tier 3
VND00967,3,773,1709110.41,Vendor_0967,Unknown,Tier 1
VND00588,3,647,1704835.61,Vendor_0588,Machinery,Tier 3
VND00633,2,376,1699348.57,Vendor_0633,Machinery,Tier 2
VND00096,6,957,1697722.8,Vendor_0096,IT Services,Unclassified
VND00969,1,442,1687869.82,Vendor_0969,Unknown,Tier 2
VND00525,2,420,1682750.64,Vendor_0525,Textiles,Tier 1
VND00903,4,1081,1682069.06,Vendor_0903,Packaging,Tier 3
VND00443,4,893,1678249.38,Vendor_0443,IT Services,Tier 3
VND00624,3,493,1675001.51,Vendor_0624,Machinery,Tier 2
VND00800,3,984,1670136.64,Vendor_0800,IT Services,Tier 1
VND00300,3,678,1661454.89,Vendor_0300,Machinery,Tier 3
VND00704,6,1032,1655755.64,Vendor_0704,Electronics,Tier 3
VND00027,4,866,1650400.25,Vendor_0027,Textiles,Tier 3
VND00878,3,671,1647031.59,Vendor_0878,Packaging,Tier 2
VND00918,5,918,1645681.97,Vendor_0918,Logistics,Tier 1
VND00051,2,648,1645459.98,Vendor_0051,Chemicals,Tier 1
VND00987,3,723,1625226.66,Vendor_0987,Chemicals,Tier 2
VND00378,3,1144,1614175.88,Vendor_0378,Textiles,Tier 3
VND00098,4,751,1610761.9,Vendor_0098,Packaging,Tier 3
VND00442,3,1017,1601923.41,Vendor_0442,Logistics,Tier 1
VND00351,2,816,1587183.0,Vendor_0351,Raw Material,Tier 2
VND00141,5,1194,1576377.45,Vendor_0141,Textiles,Tier 1
VND00836,4,718,1574876.78,Vendor_0836,Textiles,Tier 3
VND00365,3,585,1572743.89,Vendor_0365,Chemicals,Tier 1
VND00713,3,938,1568775.53,Vendor_0713,Electronics,Tier 2
VND00581,2,421,1563488.63,Vendor_0581,Logistics,Tier 2
VND00046,3,979,1552446.18,Vendor_0046,Packaging,Tier 2
VND00331,3,682,1549872.5,Vendor_0331,Logistics,Tier 3
VND00739,3,684,1547087.74,Vendor_0739,Raw Material,Tier 2
VND00801,3,557,1547029.66,Vendor_0801,Machinery,Tier 2
VND00486,6,780,1542799.99,Vendor_0486,Raw Material,Tier 1
VND00389,6,834,1542409.19,Vendor_0389,Packaging,Tier 1
VND00288,6,1375,1540811.66,Vendor_0288,Textiles,Tier 2
VND00112,3,542,1538560.76,Vendor_0112,Logistics,Tier 3
VND00773,4,571,1529993.83,Vendor_0773,Textiles,Tier 3
VND00451,2,355,1516754.92,Vendor_0451,Unknown,Tier 1
VND00306,5,1342,1514001.33,Vendor_0306,Chemicals,Tier 1
VND00423,3,865,1511291.86,Vendor_0423,Logistics,Tier 3
VND00424,3,430,1505736.53,Vendor_0424,Electronics,Tier 2
VND00885,5,910,1502908.28,Vendor_0885,Packaging,Tier 1
VND00684,2,561,1486840.23,Vendor_0684,Machinery,Tier 2
VND00519,3,772,1481385.44,Vendor_0519,IT Services,Tier 1
VND00576,5,604,1481163.12,Vendor_0576,Machinery,Tier 1
VND00737,3,505,1477734.35,Vendor_0737,Packaging,Tier 3
VND00352,2,438,1476523.41,Vendor_0352,Unknown,Tier 1
VND00567,3,896,1474272.25,Vendor_0567,Logistics,Tier 3
VND00693,3,388,1472755.82,Vendor_0693,IT Services,Unclassified
VND00093,4,775,1471084.82,Vendor_0093,Logistics,Tier 1
VND00454,4,1083,1469629.32,Vendor_0454,Packaging,Tier 1
VND00876,1,408,1469138.64,Vendor_0876,Logistics,Tier 3
VND00412,5,1068,1468713.18,Vendor_0412,Machinery,Tier 1
VND00362,4,642,1467186.3,Vendor_0362,Packaging,Tier 2
VND00807,4,733,1467045.73,Vendor_0807,Chemicals,Tier 1
VND00476,4,921,1464716.67,Vendor_0476,IT Services,Tier 1
VND00991,3,776,1464015.54,Vendor_0991,Packaging,Tier 1
VND00277,3,409,1455457.99,Vendor_0277,Electronics,Tier 1
VND00003,6,1270,1454313.88,Vendor_0003,Machinery,Tier 1
VND00751,3,581,1453820.68,Vendor_0751,IT Services,Tier 3
VND00053,5,424,1439129.02,Vendor_0053,Packaging,Tier 1
VND00553,4,891,1435546.85,Vendor_0553,Logistics,Tier 2
VND00970,3,349,1433573.89,Vendor_0970,Logistics,Tier 2
VND00691,3,792,1431251.59,Vendor_0691,Packaging,Tier 3
VND00410,3,714,1427340.82,Vendor_0410,IT Services,Tier 3
VND00129,6,782,1403383.25,Vendor_0129,IT Services,Tier 3
VND00243,4,664,1399506.33,Vendor_0243,Logistics,Tier 1
VND00075,6,704,1388868.45,Vendor_0075,Raw Material,Tier 2
VND00239,3,756,1385631.04,Vendor_0239,Electronics,Tier 2
VND00675,4,989,1374436.48,Vendor_0675,Machinery,Tier 3
VND00897,4,712,1374152.09,Vendor_0897,IT Services,Tier 3
VND00125,2,601,1370162.55,Vendor_0125,Chemicals,Tier 3
VND00780,4,1158,1364340.54,Vendor_0780,Textiles,Tier 2
VND00916,2,304,1363018.39,Vendor_0916,Chemicals,Tier 2
VND00715,6,784,1350935.42,Vendor_0715,Machinery,Tier 3
VND00902,5,705,1339548.61,Vendor_0902,Electronics,Tier 3
VND00185,4,831,1332084.66,Vendor_0185,Machinery,Tier 3
VND00893,4,920,1324589.8,Vendor_0893,Chemicals,Tier 1
VND00957,6,670,1320749.6,Vendor_0957,Raw Material,Tier 2
VND00398,5,1333,1317916.37,Vendor_0398,IT Services,Tier 2
VND00008,2,357,1316033.19,Vendor_0008,Logistics,Tier 1
VND00532,5,662,1294343.82,Vendor_0532,Chemicals,Tier 1
VND00945,2,652,1280831.68,Vendor_0945,Textiles,Tier 3
VND00981,3,787,1276340.33,Vendor_0981,Machinery,Tier 3
VND00802,4,1115,1276313.84,Vendor_0802,Chemicals,Tier 3
VND00455,4,1146,1256417.16,Vendor_0455,Raw Material,Tier 3
VND00839,2,814,1254252.94,Vendor_0839,Packaging,Tier 2
VND00850,5,1303,1250639.13,Vendor_0850,IT Services,Tier 2
VND00632,2,644,1236537.9,Vendor_0632,IT Services,Tier 1
VND00118,3,569,1232128.36,Vendor_0118,Logistics,Tier 3
VND00566,1,308,1231051.36,Vendor_0566,Textiles,Tier 2
VND00092,6,331,1226181.08,Vendor_0092,Raw Material,Tier 2
VND00654,6,806,1210136.52,Vendor_0654,Machinery,Tier 1
VND00636,2,347,1207452.34,Vendor_0636,Raw Material,Tier 2
VND00729,4,503,1202653.89,Vendor_0729,Machinery,Tier 3
VND00771,3,921,1200816.31,Vendor_0771,Chemicals,Tier 3
VND00764,1,385,1194289.25,Vendor_0764,Raw Material,Tier 1
VND00887,2,291,1176131.11,Vendor_0887,Machinery,Tier 2
VND00901,1,317,1175680.09,Vendor_0901,IT Services,Tier 3
VND00561,4,608,1175627.82,Vendor_0561,IT Services,Tier 2
VND00212,2,587,1171876.66,Vendor_0212,Textiles,Tier 2
VND00862,4,583,1170999.83,Vendor_0862,Textiles,Tier 2
VND00907,3,849,1161248.16,Vendor_0907,Electronics,Tier 1
VND00720,2,283,1160722.09,Vendor_0720,IT Services,Tier 1
VND00512,3,366,1154799.87,Vendor_0512,Chemicals,Tier 3
VND00617,3,981,1153841.63,Vendor_0617,Electronics,Tier 3
VND00947,4,967,1146582.97,Vendor_0947,Raw Material,Tier 3
VND00434,3,807,1143862.39,Vendor_0434,Raw Material,Tier 3
VND00308,6,795,1131559.79,Vendor_0308,Electronics,Tier 3
VND00864,2,455,1125505.2,Vendor_0864,Machinery,Tier 2
VND00848,5,581,1121103.54,Vendor_0848,Packaging,Tier 1
VND00499,4,669,1118437.09,Vendor_0499,Machinery,Tier 1
VND00089,3,784,1113244.21,Vendor_0089,Chemicals,Tier 1
VND00358,4,587,1102710.14,Vendor_0358,IT Services,Tier 2
VND00537,3,399,1094424.96,Vendor_0537,Logistics,Tier 1
VND00323,4,766,1093566.04,Vendor_0323,Textiles,Tier 2
VND00292,5,1182,1088801.87,Vendor_0292,Electronics,Tier 3
VND00393,4,1087,1087209.59,Vendor_0393,Electronics,Tier 3
VND00065,3,613,1062903.75,Vendor_0065,Machinery,Tier 3
VND00350,3,973,1054196.09,Vendor_0350,Textiles,Tier 2
VND00743,5,1173,1053679.51,Vendor_0743,Electronics,Tier 1
VND00724,3,381,1050746.88,Vendor_0724,Chemicals,Tier 1
VND00609,4,823,1050119.77,Vendor_0609,IT Services,Tier 2
VND00187,5,993,1047705.85,Vendor_0187,Raw Material,Tier 1
VND00271,1,418,1042851.48,Vendor_0271,Machinery,Tier 1
VND00959,3,408,1026513.56,Vendor_0959,Machinery,Tier 3
VND00582,4,970,1014969.87,Vendor_0582,Chemicals,Tier 1
VND00511,5,1114,1007519.0,Vendor_0511,Raw Material,Tier 2
VND00508,2,599,1007243.77,Vendor_0508,Electronics,Tier 1
VND00214,2,487,997916.43,Vendor_0214,Machinery,Tier 3
VND00324,1,391,996909.24,Vendor_0324,Electronics,Tier 3
VND00052,2,569,995809.91,Vendor_0052,Logistics,Tier 1
VND00219,3,282,987801.57,Vendor_0219,IT Services,Tier 2
VND00149,2,675,982757.82,Vendor_0149,Electronics,Tier 3
VND00394,3,538,982143.48,Vendor_0394,IT Services,Tier 1
VND00408,1,492,969338.4,Vendor_0408,Logistics,Tier 3
VND00928,3,343,941562.98,Vendor_0928,Packaging,Tier 2
VND00347,2,297,932882.17,Vendor_0347,Textiles,Tier 2
VND00283,4,285,930371.51,Vendor_0283,Packaging,Tier 3
VND00748,2,371,919884.61,Vendor_0748,Machinery,Tier 2
VND00015,4,621,913830.67,Vendor_0015,IT Services,Tier 3
VND00438,2,448,897532.48,Vendor_0438,Chemicals,Tier 1
VND00867,3,921,874057.32,Vendor_0867,Textiles,Tier 3
VND00267,2,427,872863.88,Vendor_0267,Packaging,Tier 2
VND00795,5,524,868959.3,Vendor_0795,Raw Material,Tier 3
VND00672,2,553,856723.0,Vendor_0672,Unknown,Tier 1
VND00643,5,1045,835305.56,Vendor_0643,Logistics,Tier 3
VND00227,1,177,833654.07,Vendor_0227,Logistics,Tier 1
VND00866,2,625,830567.5,Vendor_0866,Raw Material,Tier 2
VND00631,4,772,825855.65,Vendor_0631,IT Services,Tier 2
VND00123,3,803,823242.86,Vendor_0123,Electronics,Tier 3
VND00244,2,444,822533.77,Vendor_0244,Chemicals,Tier 3
VND00439,3,404,821245.64,Vendor_0439,Machinery,Tier 2
VND00482,2,525,821151.25,Vendor_0482,Raw Material,Tier 2
VND00039,2,287,806494.2,Vendor_0039,Chemicals,Tier 2
VND00260,2,753,806129.22,Vendor_0260,Textiles,Tier 3
VND00601,3,595,803699.6,Vendor_0601,Raw Material,Tier 3
VND00138,4,532,788472.83,Vendor_0138,Electronics,Tier 2
VND00593,3,494,785477.32,Vendor_0593,Logistics,Tier 3
VND00270,2,678,782873.72,Vendor_0270,Raw Material,Tier 3
VND00175,3,585,771410.75,Vendor_0175,Textiles,Tier 2
VND00669,1,388,760623.56,Vendor_0669,Unknown,Tier 3
VND00229,2,498,745763.24,Vendor_0229,Machinery,Unclassified
VND00875,3,825,744031.84,Vendor_0875,Logistics,Tier 3
VND00550,3,482,733772.18,Vendor_0550,Machinery,Tier 1
VND00603,2,373,733708.42,Vendor_0603,Packaging,Tier 3
VND00110,1,166,727161.34,Vendor_0110,IT Services,Tier 3
VND00930,3,413,724732.21,Vendor_0930,Raw Material,Tier 3
VND00584,2,439,717271.78,Vendor_0584,Packaging,Tier 3
VND00666,1,173,710282.64,Vendor_0666,Packaging,Tier 3
VND00753,2,242,679933.98,Vendor_0753,Logistics,Tier 2
VND00922,6,599,663458.4,Vendor_0922,Logistics,Tier 2
VND00479,2,631,662977.88,Vendor_0479,Chemicals,Tier 1
VND00637,3,177,639470.3,Vendor_0637,Electronics,Tier 2
VND00689,2,143,626235.82,Vendor_0689,Machinery,Tier 1
VND00941,3,472,602862.24,Vendor_0941,Packaging,Tier 3
VND00273,3,648,592439.62,Vendor_0273,Raw Material,Tier 1
VND00489,2,288,592212.69,Vendor_0489,Packaging,Tier 1
VND00961,3,416,592084.44,Vendor_0961,Electronics,Tier 3
VND00746,2,224,577687.4,Vendor_0746,Packaging,Tier 1
VND00401,2,260,575155.7,Vendor_0401,Packaging,Tier 3
VND00528,1,316,551868.72,Vendor_0528,IT Services,Tier 3
VND00184,2,648,542054.78,Vendor_0184,Logistics,Tier 1
VND00247,2,206,540877.24,Vendor_0247,IT Services,Tier 2
VND00336,2,395,539876.66,Vendor_0336,Chemicals,Tier 3
VND00143,5,504,536670.46,Vendor_0143,IT Services,Unclassified
VND00231,3,724,529548.56,Vendor_0231,IT Services,Tier 1
VND00823,1,142,527217.6,Vendor_0823,Chemicals,Tier 3
VND00594,2,122,517741.66,Vendor_0594,Chemicals,Tier 3
VND00367,3,489,501612.45,Vendor_0367,Logistics,Tier 1
VND00915,2,468,501176.2,Vendor_0915,Textiles,Tier 2
VND00137,2,409,481310.98,Vendor_0137,Electronics,Tier 2
VND00630,1,378,465491.88,Vendor_0630,Textiles,Tier 3
VND00475,1,440,463091.2,Vendor_0475,Electronics,Tier 2
VND00038,2,369,458602.47,Vendor_0038,Logistics,Tier 3
VND00546,2,554,456956.36,Vendor_0546,Logistics,Tier 3
VND00789,3,580,447408.3,Vendor_0789,Packaging,Tier 2
VND00527,2,484,443547.92,Vendor_0527,Machinery,Tier 3
VND00254,2,650,442569.13,Vendor_0254,Raw Material,Tier 3
VND00502,2,237,440591.05,Vendor_0502,Machinery,Tier 2
VND00626,3,362,438481.33,Vendor_0626,Logistics,Tier 3
VND00431,2,208,420027.84,Vendor_0431,Logistics,Tier 3
VND00258,2,405,415285.2,Vendor_0258,Packaging,Tier 2
VND00237,2,611,412165.13,Vendor_0237,Machinery,Tier 3
VND00942,3,617,404371.47,Vendor_0942,Textiles,Tier 2
VND00370,2,337,397042.58,Vendor_0370,Logistics,Tier 3
VND00749,2,117,380161.19,Vendor_0749,Machinery,Tier 1
VND00384,1,213,379167.69,Vendor_0384,Packaging,Tier 1
VND00761,2,145,371630.71,Vendor_0761,Textiles,Tier 3
VND00514,2,372,362555.8,Vendor_0514,Chemicals,Tier 1
VND00197,3,283,349711.38,Vendor_0197,Electronics,Tier 1
VND00569,3,411,345683.41,Vendor_0569,Chemicals,Tier 1
VND00910,2,460,331104.52,Vendor_0910,Machinery,Tier 3
VND00048,2,500,330174.0,Vendor_0048,Machinery,Tier 2
VND00441,2,265,310339.85,Vendor_0441,Textiles,Tier 3
VND00990,3,230,297310.44,Vendor_0990,Raw Material,Tier 1
VND00555,2,335,288387.05,Vendor_0555,Logistics,Tier 1
VND00183,2,299,268772.74,Vendor_0183,Packaging,Tier 1
VND00090,3,80,250424.43,Vendor_0090,Machinery,Unclassified
VND00020,2,370,250344.4,Vendor_0020,Logistics,Tier 3
VND00014,3,175,220811.38,Vendor_0014,Machinery,Tier 3
VND00215,1,232,213614.0,Vendor_0215,IT Services,Tier 2
VND00095,1,366,153277.14,Vendor_0095,Electronics,Tier 1
VND00670,3,391,148643.6,Vendor_0670,Machinery,Tier 3
VND00232,1,68,121436.44,Vendor_0232,Machinery,Tier 2
VND00966,1,292,73461.36,Vendor_0966,Raw Material,Tier 3
VND00316,1,175,44339.75,Vendor_0316,Packaging,Tier 2
VND00164,1,53,40420.45,Vendor_0164,Raw Material,Tier 2
VND00497,1,297,22221.54,Vendor_0497,Electronics,Tier 2
VND00084,1,6,15375.18,Vendor_0084,Raw Material,Tier 3
